age,annual_income,credit_score,debt_to_income,loan_amount,employment_years,home_ownership,loan_intent,default_risk
36,60600.0,690,0.511,16400.0,10,RENT,EDUCATION,High
69,39600.0,605,0.405,5500.0,12,RENT,PERSONAL,High
56,87600.0,559,0.548,12900.0,4,OWN,PERSONAL,High
39,26900.0,795,0.306,8700.0,4,OWN,EDUCATION,Low
27,88500.0,642,0.181,35400.0,2,RENT,VENTURE,Low
61,53500.0,805,0.061,16400.0,7,OWN,MEDICAL,Low
41,44400.0,830,0.128,12700.0,7,OWN,PERSONAL,Low
51,36000.0,626,0.351,12800.0,16,RENT,PERSONAL,Low
52,88200.0,601,0.205,28600.0,8,MORTGAGE,PERSONAL,High
36,61000.0,659,0.396,22500.0,10,RENT,EDUCATION,Low
39,39300.0,711,0.315,17000.0,10,MORTGAGE,EDUCATION,High
68,53400.0,788,0.236,10200.0,26,MORTGAGE,PERSONAL,Low
60,26400.0,577,0.051,10600.0,13,MORTGAGE,EDUCATION,Low
65,107600.0,646,0.162,50000.0,32,RENT,PERSONAL,Low
27,114500.0,550,0.056,27400.0,3,MORTGAGE,PERSONAL,High
39,98700.0,655,0.261,33500.0,6,RENT,EDUCATION,Low
24,59400.0,524,0.324,21900.0,1,MORTGAGE,MEDICAL,High
70,67900.0,419,0.352,25500.0,32,RENT,MEDICAL,High
54,22000.0,451,0.059,5900.0,21,MORTGAGE,PERSONAL,High
32,40000.0,625,0.315,9900.0,2,OWN,PERSONAL,High
62,43100.0,410,0.256,13600.0,32,RENT,PERSONAL,High
62,46100.0,776,0.283,21700.0,23,OWN,EDUCATION,Low
37,73100.0,719,0.65,22900.0,4,RENT,MEDICAL,Low
55,38400.0,620,0.166,8500.0,19,RENT,PERSONAL,Low
26,32100.0,770,0.235,14000.0,3,MORTGAGE,EDUCATION,Low
45,103100.0,489,0.311,14400.0,20,RENT,PERSONAL,Low
49,41400.0,472,0.281,9700.0,7,MORTGAGE,MEDICAL,High
22,34000.0,420,0.142,15400.0,1,MORTGAGE,VENTURE,High
59,18000.0,548,0.474,8700.0,21,MORTGAGE,PERSONAL,High
66,22000.0,780,0.407,2700.0,17,OWN,PERSONAL,Low
57,43400.0,688,0.116,15500.0,16,RENT,MEDICAL,Low
50,58700.0,482,0.05,10200.0,14,OWN,VENTURE,Low
70,18000.0,414,0.147,3000.0,17,RENT,PERSONAL,Low
40,49300.0,811,0.272,7100.0,9,MORTGAGE,VENTURE,Low
42,60600.0,676,0.252,10100.0,9,RENT,PERSONAL,High
39,36700.0,423,0.314,8600.0,3,RENT,EDUCATION,High
44,51400.0,575,0.65,9100.0,15,MORTGAGE,EDUCATION,High
54,115800.0,546,0.249,40100.0,15,RENT,VENTURE,Low
46,31700.0,837,0.548,5000.0,18,RENT,PERSONAL,Low
38,18000.0,802,0.284,3500.0,11,OWN,PERSONAL,Low
51,39500.0,681,0.391,5100.0,5,MORTGAGE,PERSONAL,Low
46,29200.0,684,0.262,8300.0,13,RENT,PERSONAL,Low
24,48100.0,506,0.241,8600.0,2,RENT,EDUCATION,High
39,75300.0,397,0.334,16800.0,6,MORTGAGE,MEDICAL,Low
38,84500.0,447,0.161,41600.0,14,MORTGAGE,EDUCATION,High
23,60100.0,461,0.115,16700.0,1,RENT,VENTURE,High
22,114900.0,500,0.189,15400.0,1,MORTGAGE,VENTURE,Low
33,61500.0,713,0.592,24800.0,6,RENT,MEDICAL,High
33,91700.0,652,0.295,27900.0,10,OWN,MEDICAL,High
63,61100.0,777,0.186,21400.0,15,MORTGAGE,PERSONAL,High
66,58400.0,814,0.204,6500.0,14,RENT,PERSONAL,Low
62,36500.0,652,0.242,12300.0,31,RENT,PERSONAL,Low
45,49500.0,396,0.204,24600.0,11,MORTGAGE,PERSONAL,High
55,35000.0,448,0.245,12200.0,15,MORTGAGE,MEDICAL,High
55,41400.0,688,0.056,7900.0,5,RENT,VENTURE,Low
44,51700.0,412,0.178,13100.0,18,OWN,EDUCATION,High
42,98900.0,413,0.421,37800.0,9,RENT,PERSONAL,High
70,42400.0,848,0.226,12700.0,34,MORTGAGE,MEDICAL,Low
44,71800.0,441,0.297,35700.0,14,RENT,EDUCATION,High
63,23500.0,758,0.298,6400.0,15,RENT,VENTURE,Low
41,41600.0,646,0.396,17000.0,6,MORTGAGE,VENTURE,High
33,106200.0,773,0.291,37200.0,10,MORTGAGE,VENTURE,Low
64,60800.0,396,0.088,12300.0,14,MORTGAGE,VENTURE,High
49,18000.0,697,0.349,2700.0,22,MORTGAGE,MEDICAL,Low
50,48500.0,835,0.321,11700.0,7,MORTGAGE,EDUCATION,Low
69,42600.0,518,0.259,4700.0,32,MORTGAGE,PERSONAL,Low
25,24200.0,601,0.246,6200.0,1,RENT,MEDICAL,Low
61,18000.0,429,0.156,7900.0,20,RENT,MEDICAL,High
32,27900.0,811,0.329,11100.0,9,RENT,PERSONAL,Low
39,26000.0,756,0.2,5100.0,9,MORTGAGE,MEDICAL,High
63,75800.0,787,0.443,32000.0,22,MORTGAGE,MEDICAL,Low
44,69900.0,640,0.336,11300.0,18,RENT,MEDICAL,Low
30,72500.0,490,0.629,15000.0,1,MORTGAGE,MEDICAL,High
47,94500.0,401,0.331,44800.0,11,RENT,VENTURE,Low
59,18000.0,608,0.335,2600.0,7,RENT,PERSONAL,Low
66,41900.0,756,0.329,10500.0,14,RENT,VENTURE,Low
25,60600.0,668,0.402,24000.0,3,RENT,VENTURE,High
57,33000.0,622,0.058,11500.0,8,MORTGAGE,PERSONAL,Low
61,33900.0,784,0.388,16000.0,19,MORTGAGE,PERSONAL,Low
41,30600.0,694,0.112,4800.0,10,MORTGAGE,PERSONAL,High
32,54600.0,641,0.574,14600.0,5,RENT,VENTURE,Low
44,47700.0,384,0.116,18100.0,3,RENT,PERSONAL,High
29,103300.0,447,0.496,30300.0,2,OWN,MEDICAL,High
25,62500.0,676,0.14,11600.0,3,MORTGAGE,PERSONAL,Low
33,56100.0,798,0.05,20500.0,3,MORTGAGE,MEDICAL,High
46,48700.0,562,0.187,14900.0,11,MORTGAGE,MEDICAL,Low
53,30800.0,715,0.426,6800.0,4,MORTGAGE,EDUCATION,High
32,53200.0,599,0.597,14000.0,3,MORTGAGE,PERSONAL,High
35,81000.0,684,0.185,31700.0,11,RENT,VENTURE,Low
25,65600.0,648,0.439,24300.0,4,MORTGAGE,MEDICAL,High
46,26100.0,545,0.547,6300.0,4,RENT,VENTURE,High
25,20000.0,669,0.243,5500.0,3,RENT,EDUCATION,High
36,75200.0,425,0.108,21700.0,9,MORTGAGE,MEDICAL,Low
32,55500.0,757,0.228,22800.0,4,MORTGAGE,EDUCATION,Low
21,58900.0,423,0.538,17000.0,1,RENT,EDUCATION,High
56,29600.0,764,0.205,14300.0,23,OWN,MEDICAL,Low
22,77400.0,546,0.318,19300.0,1,RENT,VENTURE,Low
30,76600.0,467,0.239,30300.0,2,RENT,PERSONAL,High
40,42600.0,664,0.458,11100.0,13,OWN,PERSONAL,High
49,70100.0,839,0.373,33100.0,20,MORTGAGE,EDUCATION,Low
71,28700.0,824,0.207,6600.0,36,RENT,MEDICAL,Low
51,47200.0,808,0.087,14800.0,23,RENT,PERSONAL,Low
37,18000.0,480,0.182,2600.0,11,RENT,MEDICAL,High
70,41900.0,462,0.226,13200.0,19,OWN,VENTURE,Low
58,217400.0,476,0.084,27000.0,22,MORTGAGE,PERSONAL,High
44,76000.0,702,0.153,13400.0,19,RENT,VENTURE,Low
41,140000.0,572,0.374,50000.0,6,MORTGAGE,PERSONAL,Low
60,70800.0,565,0.203,33700.0,26,RENT,PERSONAL,Low
23,57900.0,616,0.095,9800.0,0,MORTGAGE,VENTURE,Low
22,57400.0,806,0.418,6000.0,0,RENT,EDUCATION,Low
22,39600.0,652,0.148,11800.0,1,MORTGAGE,VENTURE,Low
53,78100.0,628,0.228,13500.0,17,RENT,PERSONAL,Low
42,32500.0,511,0.194,15600.0,16,MORTGAGE,EDUCATION,High
70,52100.0,633,0.502,5400.0,12,RENT,EDUCATION,Low
52,250000.0,502,0.156,37300.0,14,MORTGAGE,MEDICAL,Low
23,68500.0,693,0.144,21100.0,1,RENT,PERSONAL,Low
68,38200.0,801,0.151,14600.0,33,MORTGAGE,EDUCATION,High
67,96200.0,403,0.098,20700.0,29,MORTGAGE,EDUCATION,High
33,65900.0,427,0.134,24600.0,1,RENT,PERSONAL,High
28,43400.0,553,0.464,7000.0,1,MORTGAGE,PERSONAL,Low
27,26000.0,649,0.579,8800.0,1,RENT,PERSONAL,High
55,46000.0,447,0.501,14600.0,17,MORTGAGE,PERSONAL,High
24,39000.0,497,0.304,16800.0,3,RENT,VENTURE,Low
22,52300.0,435,0.211,8100.0,0,MORTGAGE,EDUCATION,High
37,63900.0,551,0.378,10600.0,8,MORTGAGE,VENTURE,Low
24,60400.0,456,0.098,18300.0,1,RENT,EDUCATION,High
31,28900.0,591,0.3,10300.0,8,RENT,VENTURE,High
27,69300.0,838,0.173,24200.0,4,RENT,PERSONAL,High
66,64800.0,384,0.152,28900.0,34,MORTGAGE,EDUCATION,High
66,21000.0,621,0.349,5300.0,15,MORTGAGE,VENTURE,High
29,61600.0,845,0.181,28300.0,5,MORTGAGE,PERSONAL,Low
60,48000.0,649,0.151,16400.0,19,RENT,EDUCATION,Low
25,63400.0,663,0.104,29200.0,2,RENT,PERSONAL,High
54,26100.0,700,0.05,13000.0,9,OWN,VENTURE,High
68,41300.0,792,0.604,10800.0,7,MORTGAGE,VENTURE,Low
54,43300.0,392,0.495,12500.0,21,RENT,MEDICAL,High
32,23800.0,392,0.132,11300.0,7,MORTGAGE,MEDICAL,High
35,67900.0,734,0.24,27200.0,4,MORTGAGE,EDUCATION,Low
67,41600.0,408,0.08,17600.0,34,RENT,PERSONAL,Low
47,62900.0,779,0.239,15900.0,19,RENT,MEDICAL,Low
24,27200.0,388,0.65,10300.0,3,RENT,EDUCATION,High
45,21400.0,562,0.534,5300.0,3,RENT,EDUCATION,High
47,24800.0,478,0.401,4600.0,19,MORTGAGE,EDUCATION,High
69,18000.0,742,0.291,3700.0,16,MORTGAGE,MEDICAL,High
65,31200.0,750,0.068,11700.0,6,RENT,VENTURE,High
44,63000.0,521,0.184,27800.0,7,MORTGAGE,PERSONAL,High
35,119500.0,596,0.426,42800.0,8,MORTGAGE,MEDICAL,High
59,101400.0,528,0.149,20300.0,28,RENT,EDUCATION,High
66,110900.0,656,0.259,34600.0,11,RENT,EDUCATION,High
39,110600.0,529,0.323,19000.0,3,RENT,MEDICAL,High
28,184700.0,834,0.269,50000.0,4,MORTGAGE,PERSONAL,Low
68,56800.0,545,0.05,15400.0,18,RENT,EDUCATION,Low
32,89700.0,408,0.366,13000.0,8,MORTGAGE,MEDICAL,Low
64,75200.0,750,0.293,29600.0,14,MORTGAGE,EDUCATION,Low
69,18000.0,609,0.351,3000.0,29,MORTGAGE,MEDICAL,High
71,55900.0,777,0.105,5600.0,37,MORTGAGE,EDUCATION,Low
60,52600.0,748,0.315,7500.0,7,MORTGAGE,EDUCATION,Low
32,64100.0,694,0.126,19900.0,3,RENT,PERSONAL,Low
37,37100.0,469,0.498,5300.0,7,RENT,MEDICAL,High
65,32300.0,547,0.307,4400.0,20,OWN,VENTURE,High
38,37000.0,758,0.313,17100.0,4,MORTGAGE,MEDICAL,High
45,79100.0,832,0.318,30500.0,19,MORTGAGE,VENTURE,Low
54,67100.0,479,0.245,12500.0,5,MORTGAGE,VENTURE,Low
46,124900.0,475,0.227,39300.0,19,MORTGAGE,EDUCATION,High
64,23300.0,571,0.377,10200.0,15,MORTGAGE,PERSONAL,High
48,100500.0,794,0.273,41500.0,8,MORTGAGE,MEDICAL,Low
52,161600.0,476,0.474,23000.0,8,MORTGAGE,MEDICAL,High
25,28900.0,779,0.413,12200.0,2,RENT,EDUCATION,Low
53,52800.0,522,0.419,24300.0,9,RENT,EDUCATION,High
65,18900.0,730,0.332,2100.0,8,RENT,PERSONAL,High
43,18000.0,689,0.349,7600.0,18,RENT,PERSONAL,Low
51,21500.0,828,0.308,4600.0,12,OWN,VENTURE,Low
35,50500.0,749,0.302,6800.0,11,MORTGAGE,VENTURE,Low
26,56200.0,396,0.168,13900.0,1,MORTGAGE,MEDICAL,High
41,38600.0,816,0.299,12600.0,3,MORTGAGE,PERSONAL,Low
58,72900.0,795,0.243,23300.0,28,RENT,PERSONAL,Low
37,60900.0,572,0.264,16800.0,11,RENT,MEDICAL,High
26,157300.0,636,0.434,50000.0,3,OWN,MEDICAL,High
35,20400.0,712,0.251,5800.0,4,RENT,EDUCATION,High
40,28400.0,782,0.11,14100.0,4,OWN,VENTURE,Low
44,33900.0,695,0.05,16100.0,19,RENT,PERSONAL,Low
55,32700.0,450,0.154,12600.0,4,OWN,MEDICAL,High
26,36300.0,791,0.142,17100.0,3,MORTGAGE,MEDICAL,Low
44,212600.0,766,0.193,28400.0,11,RENT,EDUCATION,Low
59,39000.0,732,0.491,11000.0,15,RENT,PERSONAL,Low
24,73100.0,787,0.146,32200.0,3,MORTGAGE,VENTURE,Low
67,20200.0,572,0.403,6800.0,5,RENT,PERSONAL,High
52,31600.0,514,0.05,15100.0,23,MORTGAGE,VENTURE,Low
47,82800.0,572,0.335,19200.0,11,RENT,MEDICAL,High
39,90600.0,479,0.348,15800.0,2,MORTGAGE,PERSONAL,Low
43,18000.0,488,0.143,7900.0,4,MORTGAGE,PERSONAL,High
40,180100.0,745,0.409,50000.0,16,MORTGAGE,MEDICAL,High
56,63700.0,427,0.394,23200.0,18,RENT,VENTURE,High
29,30300.0,722,0.226,11100.0,4,MORTGAGE,VENTURE,High
57,65600.0,691,0.087,18500.0,8,MORTGAGE,EDUCATION,Low
30,32800.0,396,0.222,12000.0,3,RENT,PERSONAL,Low
69,19800.0,556,0.273,7600.0,35,MORTGAGE,MEDICAL,Low
71,55100.0,687,0.251,16200.0,30,MORTGAGE,EDUCATION,Low
30,82300.0,826,0.203,8600.0,6,MORTGAGE,PERSONAL,Low
51,95800.0,583,0.27,25900.0,7,OWN,PERSONAL,High
64,18000.0,660,0.43,6300.0,20,MORTGAGE,VENTURE,Low
50,27000.0,488,0.05,5300.0,18,RENT,PERSONAL,Low
52,43300.0,575,0.122,11000.0,23,RENT,VENTURE,Low
60,94700.0,540,0.161,40000.0,8,OWN,PERSONAL,High
23,111000.0,646,0.182,42600.0,1,OWN,PERSONAL,Low
40,38000.0,763,0.551,12100.0,4,MORTGAGE,PERSONAL,High
23,22900.0,794,0.091,8300.0,1,RENT,PERSONAL,Low
28,69800.0,424,0.65,26300.0,6,MORTGAGE,PERSONAL,High
48,36200.0,676,0.386,6500.0,13,RENT,PERSONAL,Low
51,63900.0,632,0.441,13900.0,22,MORTGAGE,VENTURE,High
65,94900.0,823,0.274,41500.0,15,RENT,EDUCATION,High
41,72000.0,589,0.444,7300.0,8,OWN,PERSONAL,Low
62,26000.0,441,0.484,9200.0,33,RENT,MEDICAL,High
41,22600.0,589,0.266,9500.0,2,MORTGAGE,PERSONAL,High
23,19100.0,743,0.118,8400.0,1,MORTGAGE,PERSONAL,Low
25,78300.0,394,0.208,38700.0,3,OWN,EDUCATION,High
64,99900.0,394,0.225,24800.0,33,RENT,MEDICAL,Low
42,25500.0,394,0.429,2600.0,7,MORTGAGE,MEDICAL,High
32,34800.0,525,0.492,6900.0,9,RENT,MEDICAL,High
23,26900.0,439,0.366,4500.0,1,RENT,EDUCATION,Low
31,44300.0,439,0.411,14600.0,5,RENT,EDUCATION,Low
66,28200.0,829,0.05,4400.0,12,OWN,PERSONAL,Low
28,28200.0,418,0.401,11500.0,5,MORTGAGE,PERSONAL,High
40,106200.0,742,0.505,14200.0,10,RENT,MEDICAL,Low
36,85900.0,715,0.179,39900.0,3,RENT,PERSONAL,High
57,49000.0,516,0.264,14000.0,28,MORTGAGE,EDUCATION,High
41,98300.0,615,0.614,43500.0,3,MORTGAGE,EDUCATION,High
51,32900.0,519,0.428,5100.0,24,RENT,MEDICAL,High
24,64100.0,434,0.281,17600.0,1,MORTGAGE,VENTURE,High
43,26400.0,627,0.356,12900.0,15,MORTGAGE,PERSONAL,Low
48,29700.0,743,0.071,8100.0,6,MORTGAGE,MEDICAL,Low
38,87800.0,773,0.318,9900.0,13,MORTGAGE,VENTURE,Low
54,22200.0,760,0.525,5100.0,4,MORTGAGE,PERSONAL,High
22,36400.0,608,0.119,4100.0,1,RENT,MEDICAL,Low
24,22600.0,753,0.253,3900.0,3,OWN,EDUCATION,Low
54,21400.0,449,0.197,2600.0,5,MORTGAGE,EDUCATION,High
52,47200.0,717,0.443,8400.0,19,MORTGAGE,VENTURE,Low
26,48600.0,804,0.254,15400.0,3,RENT,EDUCATION,Low
50,18000.0,565,0.596,5600.0,23,MORTGAGE,PERSONAL,High
32,180600.0,505,0.225,50000.0,7,RENT,MEDICAL,High
46,120700.0,498,0.081,25600.0,14,MORTGAGE,PERSONAL,Low
69,26100.0,757,0.445,11400.0,37,RENT,EDUCATION,Low
30,59600.0,776,0.148,11400.0,5,MORTGAGE,PERSONAL,Low
40,50600.0,831,0.496,18300.0,9,RENT,MEDICAL,High
61,30800.0,665,0.359,8400.0,14,MORTGAGE,PERSONAL,High
39,20300.0,739,0.23,7100.0,9,RENT,PERSONAL,Low
62,46100.0,828,0.208,20600.0,13,RENT,MEDICAL,High
56,40800.0,734,0.231,8100.0,20,MORTGAGE,PERSONAL,Low
48,97200.0,398,0.52,10200.0,14,MORTGAGE,EDUCATION,High
34,50600.0,626,0.085,23600.0,6,RENT,VENTURE,Low
61,24200.0,770,0.602,10100.0,17,MORTGAGE,VENTURE,High
39,29700.0,651,0.146,10300.0,13,MORTGAGE,MEDICAL,Low
68,45200.0,773,0.157,14400.0,12,RENT,EDUCATION,Low
36,84200.0,615,0.232,15000.0,11,MORTGAGE,VENTURE,High
25,22000.0,807,0.244,3500.0,4,MORTGAGE,MEDICAL,Low
56,53900.0,398,0.144,5800.0,26,RENT,VENTURE,Low
40,104200.0,521,0.121,50000.0,11,RENT,EDUCATION,High
24,18500.0,417,0.052,3400.0,2,RENT,PERSONAL,High
62,112100.0,695,0.468,48600.0,7,OWN,PERSONAL,Low
40,32600.0,688,0.151,15000.0,9,OWN,EDUCATION,Low
68,44700.0,813,0.127,5400.0,34,OWN,MEDICAL,Low
71,33100.0,460,0.239,14500.0,6,RENT,PERSONAL,High
65,58400.0,701,0.221,17600.0,21,MORTGAGE,VENTURE,Low
53,63500.0,600,0.333,24800.0,9,RENT,VENTURE,High
33,64800.0,476,0.36,17500.0,8,MORTGAGE,PERSONAL,High
45,250000.0,833,0.1,50000.0,11,RENT,VENTURE,Low
63,18000.0,471,0.444,2000.0,22,MORTGAGE,VENTURE,High
35,33900.0,825,0.365,4300.0,10,OWN,MEDICAL,Low
56,20400.0,665,0.443,6100.0,10,MORTGAGE,MEDICAL,High
22,40900.0,819,0.617,18800.0,1,MORTGAGE,VENTURE,Low
57,30000.0,451,0.65,12300.0,26,MORTGAGE,PERSONAL,High
67,39700.0,660,0.351,9800.0,5,RENT,EDUCATION,High
25,46000.0,645,0.057,10100.0,3,RENT,EDUCATION,Low
67,32400.0,549,0.266,5700.0,17,RENT,PERSONAL,High
25,83900.0,517,0.155,39300.0,3,RENT,EDUCATION,High
70,18700.0,622,0.194,8400.0,23,RENT,PERSONAL,Low
45,33800.0,849,0.531,16400.0,18,RENT,PERSONAL,Low
45,47900.0,659,0.562,21500.0,11,MORTGAGE,VENTURE,High
25,111000.0,460,0.242,18200.0,1,OWN,VENTURE,High
51,20400.0,569,0.257,2600.0,23,RENT,MEDICAL,High
31,21800.0,389,0.454,7900.0,4,OWN,PERSONAL,High
35,65800.0,443,0.277,23500.0,4,RENT,PERSONAL,High
25,49800.0,550,0.56,16000.0,2,RENT,EDUCATION,High
63,19400.0,417,0.187,4800.0,14,OWN,PERSONAL,High
26,97700.0,845,0.062,42400.0,2,RENT,EDUCATION,High
50,55900.0,432,0.245,27100.0,6,RENT,PERSONAL,High
50,38800.0,539,0.154,12600.0,8,RENT,PERSONAL,High
36,38700.0,699,0.152,11300.0,7,MORTGAGE,PERSONAL,Low
25,50800.0,613,0.121,7000.0,2,MORTGAGE,PERSONAL,Low
36,38000.0,728,0.472,15400.0,2,RENT,PERSONAL,Low
34,58500.0,606,0.334,27400.0,8,RENT,VENTURE,High
39,58700.0,405,0.65,14500.0,11,MORTGAGE,VENTURE,High
45,24200.0,565,0.074,9800.0,16,MORTGAGE,VENTURE,Low
55,18100.0,608,0.36,8700.0,15,RENT,EDUCATION,Low
66,128600.0,577,0.533,49500.0,29,MORTGAGE,PERSONAL,Low
60,34400.0,511,0.604,9400.0,23,RENT,VENTURE,High
63,139500.0,679,0.574,24100.0,9,RENT,EDUCATION,Low
26,52600.0,740,0.05,23500.0,1,RENT,VENTURE,Low
60,18000.0,480,0.57,4400.0,25,RENT,PERSONAL,High
68,57000.0,545,0.067,13000.0,7,OWN,PERSONAL,High
58,28000.0,599,0.343,5800.0,7,RENT,PERSONAL,High
59,18000.0,790,0.05,5900.0,11,RENT,MEDICAL,Low
29,47600.0,666,0.073,18400.0,6,MORTGAGE,VENTURE,Low
62,24000.0,485,0.28,10000.0,11,RENT,EDUCATION,High
50,41900.0,645,0.388,15800.0,16,MORTGAGE,EDUCATION,Low
31,96600.0,458,0.313,26900.0,4,MORTGAGE,MEDICAL,Low
65,77200.0,833,0.298,24700.0,24,OWN,EDUCATION,Low
28,49200.0,770,0.23,19700.0,4,RENT,PERSONAL,Low
35,50000.0,599,0.163,24200.0,8,MORTGAGE,MEDICAL,Low
58,50100.0,582,0.563,22800.0,14,RENT,PERSONAL,Low
32,31400.0,710,0.273,3800.0,6,RENT,PERSONAL,Low
68,25300.0,716,0.56,11900.0,6,RENT,EDUCATION,High
25,35600.0,518,0.65,8100.0,4,RENT,MEDICAL,High
38,51200.0,704,0.227,5600.0,11,RENT,PERSONAL,Low
60,28500.0,562,0.226,6400.0,20,RENT,PERSONAL,High
26,40100.0,750,0.194,5400.0,2,RENT,EDUCATION,High
39,46900.0,418,0.366,18100.0,13,RENT,PERSONAL,High
37,26100.0,693,0.106,8400.0,2,MORTGAGE,PERSONAL,High
54,88300.0,620,0.072,9800.0,5,RENT,PERSONAL,Low
63,101800.0,806,0.101,14200.0,12,RENT,PERSONAL,Low
28,51900.0,763,0.254,20600.0,1,MORTGAGE,MEDICAL,Low
63,25900.0,439,0.155,11400.0,9,RENT,EDUCATION,High
54,18000.0,787,0.325,3500.0,12,RENT,PERSONAL,High
32,18000.0,570,0.296,7800.0,3,MORTGAGE,PERSONAL,High
45,94700.0,576,0.475,21900.0,6,MORTGAGE,EDUCATION,Low
28,52400.0,408,0.436,7200.0,5,RENT,EDUCATION,High
33,32000.0,629,0.262,6300.0,6,OWN,PERSONAL,Low
46,18400.0,447,0.193,5300.0,7,RENT,EDUCATION,High
54,41400.0,817,0.228,8500.0,20,MORTGAGE,MEDICAL,Low
37,81800.0,466,0.356,16500.0,12,RENT,MEDICAL,Low
57,55900.0,680,0.193,19500.0,13,MORTGAGE,PERSONAL,Low
64,24300.0,454,0.248,4700.0,12,OWN,PERSONAL,High
27,250000.0,841,0.063,49400.0,4,OWN,VENTURE,Low
44,63900.0,498,0.556,18200.0,18,MORTGAGE,PERSONAL,High
21,21200.0,608,0.501,9500.0,0,RENT,MEDICAL,High
32,58500.0,799,0.084,6100.0,2,MORTGAGE,MEDICAL,Low
40,59300.0,540,0.315,24300.0,12,RENT,EDUCATION,Low
42,72500.0,764,0.341,35700.0,11,MORTGAGE,EDUCATION,Low
36,58100.0,445,0.141,14000.0,9,RENT,PERSONAL,High
32,21600.0,603,0.258,2400.0,8,MORTGAGE,EDUCATION,Low
26,58800.0,557,0.453,28200.0,2,OWN,VENTURE,High
56,28300.0,788,0.322,10300.0,27,RENT,EDUCATION,Low
57,50500.0,679,0.215,10400.0,11,MORTGAGE,MEDICAL,High
70,45300.0,769,0.258,5300.0,6,MORTGAGE,EDUCATION,Low
36,70500.0,690,0.264,25700.0,8,MORTGAGE,EDUCATION,Low
52,53900.0,492,0.492,12500.0,4,OWN,MEDICAL,High
25,38300.0,825,0.459,18600.0,2,OWN,PERSONAL,High
33,238600.0,573,0.527,48100.0,8,MORTGAGE,EDUCATION,High
42,38200.0,401,0.585,5700.0,8,RENT,EDUCATION,High
62,37600.0,648,0.369,5300.0,20,RENT,PERSONAL,Low
70,62300.0,727,0.327,31000.0,16,OWN,MEDICAL,Low
39,63600.0,756,0.354,12200.0,5,RENT,VENTURE,High
64,86400.0,477,0.43,14600.0,13,RENT,EDUCATION,Low
25,19300.0,499,0.349,6500.0,4,OWN,PERSONAL,High
35,33400.0,672,0.095,11500.0,4,RENT,EDUCATION,Low
28,93000.0,448,0.506,43100.0,6,RENT,VENTURE,High
49,55700.0,429,0.433,24900.0,6,RENT,PERSONAL,High
39,56300.0,484,0.431,12600.0,3,OWN,VENTURE,High
32,19600.0,414,0.388,6500.0,7,RENT,PERSONAL,High
63,19400.0,838,0.229,8800.0,17,MORTGAGE,VENTURE,Low
64,28200.0,509,0.102,4700.0,18,RENT,VENTURE,Low
32,53800.0,537,0.431,14200.0,8,RENT,EDUCATION,High
34,75800.0,384,0.428,32200.0,9,RENT,EDUCATION,High
60,81300.0,380,0.217,23100.0,11,RENT,VENTURE,High
52,18000.0,812,0.2,2600.0,11,RENT,VENTURE,Low
25,44800.0,681,0.376,14000.0,3,RENT,PERSONAL,Low
46,49000.0,743,0.05,5800.0,18,OWN,EDUCATION,Low
63,36200.0,535,0.261,4300.0,11,RENT,PERSONAL,Low
67,36600.0,682,0.531,18100.0,8,RENT,MEDICAL,High
57,24200.0,726,0.164,9600.0,15,RENT,PERSONAL,Low
30,37300.0,572,0.166,14900.0,3,MORTGAGE,EDUCATION,High
25,18000.0,677,0.05,7600.0,3,MORTGAGE,VENTURE,Low
66,102100.0,397,0.176,41300.0,12,OWN,MEDICAL,High
23,52500.0,456,0.474,18700.0,0,RENT,EDUCATION,High
32,114900.0,671,0.297,36600.0,3,MORTGAGE,VENTURE,Low
33,28100.0,414,0.285,9500.0,8,MORTGAGE,PERSONAL,High
45,18000.0,559,0.183,3200.0,8,RENT,EDUCATION,Low
30,140100.0,380,0.299,50000.0,7,OWN,VENTURE,Low
67,18000.0,475,0.19,7100.0,35,MORTGAGE,PERSONAL,High
54,21800.0,462,0.071,3900.0,24,MORTGAGE,VENTURE,High
37,74100.0,776,0.272,19200.0,8,OWN,PERSONAL,Low
45,110700.0,479,0.288,11400.0,14,MORTGAGE,EDUCATION,Low
29,30400.0,454,0.536,3400.0,5,RENT,PERSONAL,High
50,40700.0,419,0.27,5600.0,18,OWN,MEDICAL,High
65,39500.0,706,0.217,17800.0,19,RENT,MEDICAL,Low
35,64500.0,654,0.084,20900.0,6,OWN,PERSONAL,Low
46,26900.0,698,0.505,11000.0,6,RENT,EDUCATION,High
70,67400.0,473,0.65,11400.0,22,OWN,VENTURE,High
44,80600.0,525,0.149,21400.0,18,MORTGAGE,EDUCATION,Low
26,43800.0,504,0.205,21900.0,3,MORTGAGE,PERSONAL,High
38,49500.0,658,0.419,21100.0,6,MORTGAGE,EDUCATION,Low
54,192700.0,614,0.092,50000.0,15,RENT,MEDICAL,Low
23,56700.0,387,0.373,16800.0,1,MORTGAGE,PERSONAL,High
48,36400.0,505,0.106,10600.0,21,OWN,EDUCATION,Low
43,91400.0,416,0.224,32900.0,9,MORTGAGE,PERSONAL,High
71,99000.0,745,0.126,21900.0,21,MORTGAGE,PERSONAL,Low
61,30600.0,494,0.083,9000.0,15,MORTGAGE,PERSONAL,High
69,25900.0,449,0.219,10500.0,33,MORTGAGE,PERSONAL,Low
25,114900.0,662,0.161,26300.0,4,OWN,MEDICAL,Low
45,99800.0,838,0.092,19600.0,15,MORTGAGE,PERSONAL,Low
55,106200.0,838,0.509,13300.0,10,RENT,VENTURE,Low
43,130600.0,800,0.314,40900.0,8,MORTGAGE,EDUCATION,Low
41,23600.0,744,0.15,5900.0,8,MORTGAGE,VENTURE,Low
39,18000.0,560,0.339,8900.0,2,RENT,EDUCATION,High
21,88200.0,502,0.65,31100.0,1,MORTGAGE,EDUCATION,High
29,85100.0,486,0.397,13600.0,3,RENT,EDUCATION,High
70,52800.0,515,0.548,12500.0,6,RENT,EDUCATION,High
55,74700.0,396,0.116,30400.0,20,OWN,MEDICAL,Low
26,30100.0,523,0.061,5600.0,1,MORTGAGE,VENTURE,Low
66,25700.0,573,0.218,8500.0,32,MORTGAGE,PERSONAL,Low
60,44800.0,401,0.276,13400.0,6,MORTGAGE,EDUCATION,High
45,61900.0,430,0.176,9700.0,16,MORTGAGE,MEDICAL,Low
34,69700.0,728,0.162,15500.0,2,RENT,EDUCATION,Low
67,44700.0,653,0.242,10100.0,26,OWN,EDUCATION,Low
57,69000.0,495,0.239,23500.0,4,RENT,MEDICAL,Low
33,100200.0,499,0.299,36100.0,9,RENT,PERSONAL,High
31,64100.0,413,0.158,22600.0,4,MORTGAGE,EDUCATION,Low
34,35500.0,760,0.366,17700.0,8,RENT,PERSONAL,Low
31,133800.0,479,0.118,34500.0,5,RENT,MEDICAL,Low
69,23500.0,516,0.245,4400.0,39,OWN,PERSONAL,Low
41,54200.0,393,0.391,24500.0,13,OWN,EDUCATION,High
67,152400.0,729,0.337,34100.0,30,OWN,MEDICAL,Low
31,213100.0,789,0.264,47100.0,8,MORTGAGE,MEDICAL,Low
47,127800.0,705,0.383,50000.0,7,RENT,MEDICAL,High
64,37000.0,464,0.067,9600.0,14,MORTGAGE,PERSONAL,High
49,18000.0,442,0.128,3300.0,3,RENT,MEDICAL,High
28,36000.0,775,0.122,9600.0,1,MORTGAGE,EDUCATION,Low
39,46800.0,387,0.074,11600.0,12,RENT,EDUCATION,High
70,51900.0,387,0.082,23100.0,30,RENT,EDUCATION,High
22,26200.0,450,0.65,11200.0,1,MORTGAGE,PERSONAL,High
34,35300.0,792,0.644,9600.0,6,MORTGAGE,PERSONAL,Low
40,55400.0,630,0.094,11100.0,8,MORTGAGE,EDUCATION,Low
32,50500.0,769,0.436,6900.0,2,MORTGAGE,PERSONAL,Low
71,106500.0,770,0.365,33300.0,40,MORTGAGE,EDUCATION,Low
54,69000.0,636,0.425,8600.0,9,MORTGAGE,VENTURE,High
46,69900.0,698,0.468,10300.0,7,RENT,EDUCATION,High
30,35300.0,457,0.214,6300.0,2,MORTGAGE,PERSONAL,Low
62,51200.0,395,0.263,23000.0,5,MORTGAGE,MEDICAL,High
27,18000.0,385,0.22,2800.0,1,MORTGAGE,VENTURE,High
29,38100.0,652,0.423,6700.0,7,RENT,EDUCATION,Low
42,18700.0,694,0.29,4200.0,9,RENT,PERSONAL,High
58,53300.0,522,0.242,16900.0,21,RENT,VENTURE,High
62,68200.0,709,0.069,23300.0,17,RENT,PERSONAL,Low
51,52700.0,685,0.387,8600.0,6,RENT,PERSONAL,Low
45,122500.0,409,0.39,30500.0,16,MORTGAGE,MEDICAL,High
71,32500.0,838,0.65,12300.0,27,MORTGAGE,VENTURE,Low
32,46100.0,525,0.563,19300.0,6,MORTGAGE,VENTURE,High
36,35000.0,790,0.308,3500.0,2,RENT,PERSONAL,Low
65,40200.0,399,0.169,8900.0,34,MORTGAGE,MEDICAL,Low
44,108500.0,735,0.412,50000.0,17,RENT,PERSONAL,High
61,21200.0,408,0.325,2600.0,18,OWN,EDUCATION,High
34,132500.0,659,0.411,39800.0,2,MORTGAGE,EDUCATION,Low
45,111100.0,677,0.134,42800.0,8,MORTGAGE,VENTURE,Low
58,69800.0,572,0.162,22800.0,23,MORTGAGE,EDUCATION,High
58,39600.0,459,0.244,13500.0,15,RENT,EDUCATION,Low
24,56600.0,804,0.535,9000.0,2,RENT,PERSONAL,High
69,38500.0,835,0.404,16400.0,25,RENT,PERSONAL,Low
58,118900.0,474,0.314,50000.0,4,RENT,MEDICAL,Low
36,24800.0,570,0.06,7000.0,11,MORTGAGE,EDUCATION,Low
63,27200.0,501,0.607,4500.0,14,RENT,EDUCATION,High
35,50100.0,807,0.339,10400.0,9,RENT,MEDICAL,Low
33,18000.0,687,0.162,5100.0,3,OWN,PERSONAL,High
34,118700.0,540,0.149,45900.0,7,MORTGAGE,PERSONAL,High
39,40300.0,427,0.206,12600.0,5,OWN,MEDICAL,Low
21,77300.0,510,0.275,36600.0,1,RENT,EDUCATION,High
38,54500.0,525,0.208,27000.0,7,MORTGAGE,PERSONAL,High
60,18000.0,776,0.183,4900.0,32,MORTGAGE,VENTURE,Low
65,50300.0,437,0.397,9300.0,21,OWN,PERSONAL,High
59,63100.0,533,0.167,24400.0,11,RENT,VENTURE,High
28,23900.0,391,0.356,7500.0,4,RENT,PERSONAL,High
43,26600.0,696,0.396,9200.0,14,MORTGAGE,VENTURE,Low
67,25900.0,732,0.312,4600.0,36,RENT,MEDICAL,Low
64,78200.0,711,0.05,36400.0,25,RENT,MEDICAL,High
25,22900.0,742,0.27,9700.0,1,RENT,PERSONAL,Low
27,28200.0,634,0.553,12900.0,1,RENT,VENTURE,High
22,46400.0,788,0.175,22200.0,1,MORTGAGE,PERSONAL,Low
69,52500.0,464,0.428,25200.0,37,RENT,PERSONAL,High
62,33900.0,797,0.179,9500.0,31,RENT,EDUCATION,Low
58,125300.0,564,0.322,32300.0,21,OWN,VENTURE,Low
24,128900.0,429,0.433,50000.0,3,RENT,VENTURE,Low
23,22700.0,674,0.234,7700.0,2,MORTGAGE,VENTURE,High
49,144100.0,646,0.249,50000.0,17,MORTGAGE,EDUCATION,Low
29,64500.0,384,0.271,15200.0,7,MORTGAGE,PERSONAL,High
47,72700.0,704,0.65,11500.0,21,MORTGAGE,EDUCATION,Low
26,78100.0,456,0.192,36300.0,3,RENT,VENTURE,High
66,21100.0,577,0.05,2400.0,25,RENT,PERSONAL,Low
55,22700.0,384,0.392,8300.0,23,RENT,VENTURE,High
55,65000.0,717,0.218,12700.0,7,OWN,PERSONAL,High
60,31400.0,751,0.18,15000.0,27,OWN,MEDICAL,Low
71,250000.0,804,0.188,37600.0,29,MORTGAGE,PERSONAL,Low
61,37100.0,409,0.3,15200.0,4,MORTGAGE,MEDICAL,High
55,85900.0,412,0.147,30500.0,18,RENT,MEDICAL,High
32,27000.0,561,0.6,3300.0,4,RENT,PERSONAL,High
38,179300.0,447,0.213,48000.0,6,MORTGAGE,VENTURE,High
41,151400.0,698,0.493,50000.0,6,RENT,MEDICAL,Low
68,19700.0,518,0.22,6400.0,32,MORTGAGE,VENTURE,High
55,60500.0,547,0.135,26900.0,24,MORTGAGE,VENTURE,Low
25,51600.0,447,0.385,5400.0,3,MORTGAGE,MEDICAL,High
54,124500.0,535,0.185,50000.0,23,RENT,MEDICAL,Low
55,18000.0,432,0.395,7600.0,9,RENT,MEDICAL,High
68,39900.0,640,0.335,7100.0,8,RENT,PERSONAL,Low
26,82500.0,431,0.29,11500.0,2,RENT,EDUCATION,Low
25,38700.0,431,0.476,15900.0,1,OWN,VENTURE,High
30,32100.0,776,0.402,6900.0,8,MORTGAGE,PERSONAL,High
55,19400.0,633,0.587,2100.0,5,RENT,PERSONAL,High
40,58300.0,679,0.333,10600.0,6,MORTGAGE,PERSONAL,High
50,41000.0,666,0.417,20300.0,5,RENT,PERSONAL,High
46,19200.0,626,0.146,8500.0,9,RENT,VENTURE,Low
60,50300.0,414,0.094,19600.0,20,RENT,MEDICAL,High
23,30000.0,665,0.29,4900.0,1,RENT,PERSONAL,Low
66,54600.0,387,0.136,21400.0,28,MORTGAGE,PERSONAL,High
41,71900.0,833,0.605,35700.0,13,RENT,VENTURE,Low
57,90000.0,536,0.384,15000.0,23,RENT,EDUCATION,High
48,57500.0,774,0.454,22100.0,15,OWN,EDUCATION,Low
70,25000.0,495,0.242,4800.0,34,OWN,VENTURE,Low
35,40700.0,585,0.459,5600.0,2,MORTGAGE,EDUCATION,High
61,37000.0,568,0.137,18300.0,7,OWN,VENTURE,Low
41,86200.0,666,0.65,42300.0,9,RENT,PERSONAL,High
70,30200.0,800,0.05,3100.0,26,RENT,PERSONAL,Low
60,117100.0,601,0.65,15700.0,5,RENT,PERSONAL,High
49,45500.0,714,0.586,19800.0,9,RENT,MEDICAL,High
30,69600.0,459,0.32,7300.0,5,MORTGAGE,MEDICAL,High
28,35300.0,418,0.357,4700.0,4,MORTGAGE,PERSONAL,High
36,98100.0,778,0.238,11300.0,9,MORTGAGE,PERSONAL,Low
67,32400.0,790,0.208,4500.0,29,MORTGAGE,EDUCATION,Low
35,126300.0,520,0.142,21300.0,4,RENT,EDUCATION,Low
70,60300.0,695,0.4,28100.0,21,MORTGAGE,MEDICAL,Low
33,75400.0,484,0.507,13400.0,6,MORTGAGE,PERSONAL,Low
27,66100.0,698,0.395,21300.0,6,RENT,VENTURE,Low
22,28600.0,644,0.417,7400.0,0,RENT,EDUCATION,High
39,109600.0,621,0.253,21600.0,5,RENT,VENTURE,High
69,18300.0,840,0.575,7500.0,27,MORTGAGE,EDUCATION,Low
56,49700.0,723,0.163,12700.0,24,MORTGAGE,PERSONAL,Low
46,75500.0,458,0.396,24400.0,3,MORTGAGE,PERSONAL,Low
26,87500.0,563,0.352,43400.0,2,MORTGAGE,EDUCATION,Low
37,31800.0,798,0.185,10300.0,11,RENT,EDUCATION,Low
25,34700.0,741,0.394,12700.0,3,MORTGAGE,VENTURE,High
65,40600.0,595,0.259,18300.0,21,MORTGAGE,MEDICAL,High
32,25100.0,521,0.296,11500.0,5,MORTGAGE,MEDICAL,High
22,40000.0,464,0.117,17000.0,1,MORTGAGE,EDUCATION,High
37,26900.0,391,0.149,13300.0,7,OWN,EDUCATION,High
26,62100.0,505,0.476,16600.0,2,OWN,PERSONAL,High
61,41000.0,839,0.521,12500.0,27,MORTGAGE,PERSONAL,Low
21,28200.0,719,0.404,7400.0,0,MORTGAGE,EDUCATION,Low
58,29300.0,518,0.312,13200.0,21,RENT,PERSONAL,High
22,50300.0,841,0.268,15200.0,1,MORTGAGE,PERSONAL,Low
67,28000.0,621,0.24,7200.0,17,RENT,EDUCATION,Low
21,19800.0,776,0.519,4100.0,1,RENT,MEDICAL,Low
58,23600.0,757,0.422,7900.0,24,MORTGAGE,EDUCATION,Low
52,52800.0,821,0.45,19000.0,5,OWN,EDUCATION,Low
31,18000.0,405,0.46,7800.0,5,MORTGAGE,PERSONAL,High
57,48400.0,806,0.114,19600.0,13,MORTGAGE,PERSONAL,Low
35,75600.0,722,0.348,13700.0,9,MORTGAGE,VENTURE,Low
39,31300.0,416,0.553,4800.0,7,OWN,MEDICAL,High
39,37900.0,497,0.223,18400.0,12,RENT,EDUCATION,High
68,18500.0,390,0.65,2700.0,38,RENT,PERSONAL,High
70,25100.0,446,0.332,3900.0,39,MORTGAGE,PERSONAL,High
59,32100.0,464,0.405,10900.0,11,MORTGAGE,PERSONAL,High
25,55600.0,665,0.197,7300.0,2,MORTGAGE,VENTURE,Low
71,35800.0,527,0.279,12000.0,7,OWN,VENTURE,High
37,22800.0,490,0.342,3400.0,10,OWN,EDUCATION,High
60,32500.0,745,0.079,12400.0,14,RENT,PERSONAL,Low
65,21700.0,595,0.348,9900.0,33,RENT,EDUCATION,Low
47,129200.0,495,0.105,49500.0,10,RENT,EDUCATION,Low
65,30900.0,788,0.217,12300.0,28,RENT,EDUCATION,Low
23,114600.0,581,0.054,38100.0,0,MORTGAGE,PERSONAL,Low
41,18000.0,468,0.437,5700.0,15,RENT,MEDICAL,High
27,25200.0,441,0.271,3000.0,2,MORTGAGE,PERSONAL,High
55,108700.0,760,0.107,33800.0,23,MORTGAGE,EDUCATION,Low
37,38500.0,638,0.481,9000.0,4,MORTGAGE,VENTURE,High
61,167200.0,726,0.05,50000.0,20,MORTGAGE,MEDICAL,Low
27,75200.0,723,0.428,33300.0,4,RENT,EDUCATION,Low
48,106800.0,666,0.05,47000.0,14,MORTGAGE,VENTURE,Low
53,18000.0,542,0.061,7800.0,23,OWN,PERSONAL,Low
62,51700.0,532,0.637,18700.0,21,RENT,MEDICAL,High
24,37400.0,711,0.382,16700.0,2,RENT,MEDICAL,Low
29,122300.0,473,0.178,21100.0,5,MORTGAGE,EDUCATION,High
48,35200.0,691,0.301,17200.0,16,MORTGAGE,PERSONAL,High
22,46500.0,420,0.194,18300.0,0,MORTGAGE,MEDICAL,High
39,28200.0,695,0.246,9200.0,3,MORTGAGE,MEDICAL,Low
21,18000.0,542,0.121,8600.0,0,MORTGAGE,PERSONAL,High
40,65700.0,720,0.461,31100.0,2,MORTGAGE,VENTURE,Low
59,36500.0,753,0.594,10500.0,8,MORTGAGE,VENTURE,Low
25,55900.0,513,0.258,23400.0,2,OWN,EDUCATION,High
36,24900.0,493,0.413,11700.0,2,RENT,PERSONAL,High
57,43300.0,736,0.375,6500.0,13,MORTGAGE,PERSONAL,High
55,26700.0,684,0.246,8000.0,27,RENT,PERSONAL,Low
59,32600.0,811,0.544,3300.0,7,RENT,PERSONAL,Low
69,49300.0,421,0.384,10300.0,35,RENT,VENTURE,Low
37,32200.0,515,0.246,8500.0,2,RENT,PERSONAL,High
29,62300.0,767,0.213,30500.0,5,OWN,VENTURE,Low
40,22100.0,409,0.384,10600.0,3,RENT,EDUCATION,High
66,34600.0,511,0.317,11500.0,7,MORTGAGE,PERSONAL,High
56,98500.0,698,0.197,31800.0,25,MORTGAGE,PERSONAL,Low
21,28500.0,411,0.108,10800.0,0,RENT,EDUCATION,High
27,18000.0,768,0.181,2400.0,2,RENT,VENTURE,Low
36,94700.0,391,0.081,19600.0,5,RENT,VENTURE,High
52,40700.0,392,0.445,14500.0,13,OWN,VENTURE,High
38,23700.0,825,0.187,7400.0,2,RENT,VENTURE,Low
38,21900.0,685,0.257,8300.0,7,MORTGAGE,EDUCATION,Low
52,62100.0,537,0.452,10900.0,11,OWN,PERSONAL,High
56,22000.0,412,0.288,3500.0,29,RENT,MEDICAL,High
63,18000.0,731,0.162,5100.0,12,MORTGAGE,VENTURE,Low
53,64400.0,496,0.65,17100.0,22,MORTGAGE,EDUCATION,High
45,50500.0,436,0.65,9400.0,17,RENT,PERSONAL,High
36,63300.0,646,0.365,9200.0,7,RENT,PERSONAL,Low
64,31600.0,486,0.395,12900.0,34,OWN,MEDICAL,Low
35,56000.0,435,0.615,21600.0,3,MORTGAGE,PERSONAL,High
30,24400.0,830,0.21,7400.0,4,RENT,EDUCATION,Low
40,35400.0,705,0.357,16400.0,15,MORTGAGE,VENTURE,Low
49,49300.0,518,0.409,21900.0,20,MORTGAGE,PERSONAL,High
36,51600.0,748,0.087,23400.0,7,MORTGAGE,PERSONAL,High
41,87800.0,639,0.292,15400.0,7,OWN,MEDICAL,Low
59,73100.0,484,0.338,23400.0,13,MORTGAGE,MEDICAL,High
53,26300.0,841,0.403,11200.0,17,RENT,EDUCATION,Low
61,32900.0,662,0.303,10500.0,10,OWN,EDUCATION,Low
32,72100.0,836,0.305,29400.0,7,RENT,VENTURE,Low
46,102600.0,712,0.312,13000.0,13,RENT,EDUCATION,Low
59,64800.0,413,0.103,23600.0,22,MORTGAGE,MEDICAL,High
33,37800.0,502,0.184,11600.0,7,MORTGAGE,VENTURE,Low
21,56200.0,648,0.378,23100.0,0,MORTGAGE,EDUCATION,High
46,98400.0,695,0.56,41300.0,17,RENT,EDUCATION,High
40,111400.0,735,0.424,11200.0,2,RENT,PERSONAL,Low
59,34900.0,795,0.143,13300.0,13,OWN,PERSONAL,Low
45,27400.0,608,0.364,12000.0,14,RENT,PERSONAL,Low
48,50900.0,729,0.611,18100.0,18,OWN,PERSONAL,High
45,34100.0,801,0.163,8200.0,16,RENT,VENTURE,Low
21,49300.0,464,0.48,22200.0,0,OWN,MEDICAL,High
33,29000.0,423,0.112,5700.0,7,MORTGAGE,PERSONAL,High
25,59900.0,775,0.28,22200.0,3,MORTGAGE,EDUCATION,Low
33,67200.0,522,0.096,14500.0,9,RENT,MEDICAL,High
40,119600.0,688,0.65,50000.0,10,RENT,VENTURE,High
25,105600.0,738,0.473,11200.0,2,RENT,VENTURE,High
63,56600.0,482,0.172,16100.0,13,MORTGAGE,EDUCATION,High
39,29000.0,649,0.132,5500.0,5,RENT,MEDICAL,Low
42,82500.0,451,0.58,15400.0,11,RENT,VENTURE,Low
44,33400.0,520,0.195,11700.0,19,RENT,EDUCATION,High
52,20900.0,396,0.34,4600.0,15,MORTGAGE,MEDICAL,High
45,40900.0,684,0.137,14900.0,7,OWN,PERSONAL,High
49,21700.0,780,0.463,5500.0,15,RENT,PERSONAL,Low
63,147700.0,489,0.154,50000.0,5,RENT,PERSONAL,High
25,91400.0,817,0.139,26800.0,4,RENT,VENTURE,Low
70,106800.0,707,0.252,14700.0,6,MORTGAGE,VENTURE,Low
45,36100.0,744,0.65,11200.0,18,MORTGAGE,MEDICAL,High
28,43200.0,512,0.244,21000.0,4,RENT,EDUCATION,High
43,52300.0,557,0.359,15800.0,7,OWN,PERSONAL,Low
33,36100.0,518,0.167,8200.0,7,MORTGAGE,PERSONAL,High
44,47000.0,693,0.129,20200.0,10,RENT,VENTURE,Low
48,59500.0,660,0.121,27100.0,21,OWN,PERSONAL,Low
67,30100.0,486,0.173,3500.0,19,MORTGAGE,EDUCATION,High
27,44700.0,849,0.608,8600.0,2,MORTGAGE,EDUCATION,High
36,98500.0,660,0.129,38800.0,7,MORTGAGE,PERSONAL,Low
40,50800.0,797,0.162,11100.0,13,MORTGAGE,VENTURE,Low
70,18000.0,421,0.15,8700.0,23,RENT,VENTURE,High
22,26600.0,549,0.296,11400.0,1,RENT,EDUCATION,High
45,30600.0,495,0.05,7800.0,13,MORTGAGE,PERSONAL,High
34,35200.0,537,0.062,10900.0,6,MORTGAGE,VENTURE,High
45,52100.0,631,0.072,23500.0,3,RENT,MEDICAL,Low
64,27200.0,430,0.241,12200.0,7,RENT,MEDICAL,High
57,118300.0,662,0.295,23200.0,24,RENT,EDUCATION,Low
61,41000.0,700,0.287,10100.0,20,OWN,PERSONAL,Low
45,62600.0,821,0.191,9900.0,11,RENT,VENTURE,Low
38,27600.0,552,0.346,12400.0,12,MORTGAGE,MEDICAL,High
24,18000.0,422,0.433,5900.0,1,RENT,PERSONAL,High
62,61900.0,606,0.141,21400.0,21,RENT,VENTURE,Low
49,75400.0,762,0.05,28800.0,21,RENT,EDUCATION,Low
34,84700.0,480,0.456,10100.0,11,RENT,PERSONAL,Low
25,43900.0,671,0.269,6500.0,2,RENT,MEDICAL,High
45,52400.0,491,0.275,8200.0,13,MORTGAGE,PERSONAL,Low
68,28500.0,589,0.132,13400.0,5,RENT,VENTURE,High
48,18000.0,433,0.579,4500.0,3,RENT,PERSONAL,High
36,49000.0,470,0.406,7300.0,4,MORTGAGE,VENTURE,High
29,63400.0,511,0.413,7600.0,7,RENT,VENTURE,High
68,62200.0,441,0.41,22600.0,24,MORTGAGE,MEDICAL,High
34,78400.0,487,0.144,37900.0,2,OWN,PERSONAL,High
47,84600.0,691,0.386,15500.0,21,MORTGAGE,EDUCATION,Low
38,76100.0,792,0.372,19700.0,8,RENT,MEDICAL,Low
60,74400.0,542,0.258,27000.0,14,OWN,EDUCATION,High
26,55000.0,501,0.527,17400.0,2,RENT,PERSONAL,High
46,33700.0,552,0.315,16100.0,19,RENT,EDUCATION,High
34,18000.0,805,0.204,3400.0,2,MORTGAGE,EDUCATION,High
31,53800.0,657,0.539,26600.0,1,RENT,VENTURE,High
35,108800.0,830,0.1,34400.0,4,MORTGAGE,MEDICAL,Low
71,63900.0,459,0.33,24600.0,19,MORTGAGE,EDUCATION,High
48,155200.0,560,0.518,38100.0,15,MORTGAGE,PERSONAL,High
53,74300.0,672,0.324,23800.0,6,RENT,PERSONAL,High
62,18000.0,408,0.16,6700.0,22,RENT,EDUCATION,High
43,96400.0,533,0.262,42500.0,8,MORTGAGE,MEDICAL,High
51,29900.0,832,0.204,8900.0,23,MORTGAGE,PERSONAL,High
68,49400.0,601,0.111,6600.0,33,MORTGAGE,MEDICAL,Low
32,41100.0,781,0.139,4900.0,7,RENT,EDUCATION,Low
49,51500.0,564,0.65,22600.0,11,MORTGAGE,PERSONAL,High
46,141000.0,496,0.113,26800.0,12,RENT,VENTURE,Low
41,109500.0,563,0.353,16100.0,5,RENT,VENTURE,High
28,23700.0,648,0.05,3800.0,3,MORTGAGE,VENTURE,High
31,69900.0,530,0.166,19600.0,7,RENT,MEDICAL,High
53,35600.0,595,0.353,11500.0,8,MORTGAGE,MEDICAL,High
38,117500.0,579,0.252,40400.0,8,RENT,EDUCATION,Low
54,143000.0,627,0.211,50000.0,18,OWN,PERSONAL,High
62,44400.0,609,0.262,14900.0,20,OWN,PERSONAL,High
34,102800.0,525,0.203,37900.0,8,RENT,PERSONAL,Low
29,110100.0,665,0.212,50000.0,4,RENT,VENTURE,Low
66,92200.0,388,0.232,28600.0,20,MORTGAGE,PERSONAL,High
44,115800.0,550,0.211,50000.0,9,RENT,PERSONAL,High
50,55700.0,811,0.389,15100.0,16,OWN,EDUCATION,Low
53,75000.0,775,0.48,15600.0,4,RENT,MEDICAL,High
54,59200.0,644,0.137,22000.0,10,RENT,EDUCATION,Low
43,63900.0,812,0.074,26500.0,16,RENT,MEDICAL,Low
47,60500.0,389,0.054,22600.0,7,MORTGAGE,MEDICAL,High
41,18000.0,541,0.372,3800.0,15,MORTGAGE,EDUCATION,High
31,54100.0,417,0.175,13300.0,1,MORTGAGE,MEDICAL,High
22,113400.0,384,0.39,12800.0,1,MORTGAGE,MEDICAL,High
65,27300.0,793,0.235,10100.0,33,MORTGAGE,EDUCATION,Low
62,43500.0,790,0.325,7600.0,33,MORTGAGE,EDUCATION,Low
22,18000.0,772,0.122,5900.0,1,MORTGAGE,MEDICAL,Low
24,69500.0,400,0.401,16200.0,1,MORTGAGE,VENTURE,High
68,59000.0,684,0.394,27800.0,16,RENT,PERSONAL,High
43,94000.0,648,0.478,13900.0,3,MORTGAGE,MEDICAL,High
69,136600.0,596,0.07,18000.0,19,OWN,MEDICAL,Low
25,33300.0,516,0.183,11500.0,1,MORTGAGE,MEDICAL,High
41,35900.0,762,0.061,4700.0,4,MORTGAGE,PERSONAL,Low
37,75100.0,520,0.441,14300.0,3,RENT,PERSONAL,High
39,40400.0,673,0.377,6700.0,3,OWN,EDUCATION,High
60,79300.0,811,0.406,14800.0,5,MORTGAGE,PERSONAL,High
42,19800.0,423,0.199,9700.0,11,OWN,PERSONAL,High
68,45100.0,538,0.421,14000.0,36,RENT,PERSONAL,Low
64,27700.0,543,0.31,10700.0,14,OWN,PERSONAL,High
23,20900.0,490,0.372,3500.0,1,RENT,VENTURE,High
70,56500.0,653,0.223,20700.0,35,MORTGAGE,VENTURE,High
36,26700.0,640,0.365,4700.0,6,RENT,MEDICAL,High
30,35900.0,594,0.45,6500.0,4,OWN,PERSONAL,High
56,37500.0,781,0.225,14700.0,11,OWN,EDUCATION,Low
43,18000.0,476,0.451,4400.0,12,RENT,PERSONAL,High
39,74200.0,681,0.156,19700.0,13,RENT,MEDICAL,Low
52,59700.0,383,0.098,22600.0,18,RENT,MEDICAL,High
71,55200.0,570,0.258,27200.0,25,MORTGAGE,EDUCATION,Low
25,40200.0,497,0.18,13000.0,3,MORTGAGE,PERSONAL,Low
28,112400.0,518,0.134,12900.0,5,MORTGAGE,PERSONAL,Low
46,59400.0,697,0.632,10300.0,16,RENT,MEDICAL,High
28,26000.0,673,0.26,12000.0,5,RENT,EDUCATION,High
60,62200.0,738,0.272,13500.0,18,RENT,EDUCATION,Low
58,98200.0,554,0.163,25200.0,15,RENT,EDUCATION,Low
52,46200.0,717,0.368,6700.0,16,RENT,MEDICAL,Low
56,47700.0,716,0.439,20700.0,8,RENT,PERSONAL,High
65,65100.0,613,0.284,31200.0,17,RENT,MEDICAL,Low
68,78100.0,675,0.414,18400.0,6,RENT,VENTURE,High
37,65100.0,682,0.205,27500.0,13,MORTGAGE,PERSONAL,Low
24,40400.0,755,0.05,15300.0,2,MORTGAGE,MEDICAL,High
23,73700.0,660,0.29,21300.0,2,RENT,MEDICAL,High
21,43700.0,551,0.088,21100.0,1,RENT,PERSONAL,Low
55,42300.0,464,0.388,7000.0,12,RENT,VENTURE,High
27,102700.0,508,0.454,38800.0,1,RENT,VENTURE,High
35,40900.0,554,0.149,13300.0,11,RENT,EDUCATION,High
68,30200.0,729,0.325,7600.0,16,MORTGAGE,PERSONAL,Low
59,68300.0,468,0.248,33100.0,9,MORTGAGE,EDUCATION,High
43,28400.0,650,0.175,3000.0,15,MORTGAGE,PERSONAL,Low
54,97800.0,389,0.492,25100.0,12,RENT,PERSONAL,High
42,52200.0,731,0.65,13500.0,9,OWN,EDUCATION,High
58,91100.0,496,0.137,27700.0,21,MORTGAGE,EDUCATION,Low
34,49700.0,430,0.188,14900.0,4,MORTGAGE,EDUCATION,High
56,26800.0,659,0.247,9900.0,20,RENT,MEDICAL,Low
30,18000.0,596,0.327,5200.0,6,OWN,MEDICAL,High
36,28300.0,663,0.178,7500.0,13,RENT,EDUCATION,High
26,96500.0,668,0.195,47400.0,2,MORTGAGE,EDUCATION,Low
40,36500.0,732,0.218,12700.0,13,RENT,PERSONAL,High
59,82600.0,696,0.542,36700.0,28,OWN,VENTURE,Low
57,93300.0,775,0.256,31700.0,8,MORTGAGE,PERSONAL,High
23,18000.0,424,0.099,8700.0,1,MORTGAGE,PERSONAL,High
57,37600.0,517,0.302,13200.0,14,MORTGAGE,VENTURE,Low
58,44600.0,641,0.175,17000.0,27,RENT,EDUCATION,Low
63,115200.0,824,0.131,49800.0,10,OWN,VENTURE,Low
46,125000.0,533,0.192,50000.0,13,MORTGAGE,MEDICAL,Low
21,31300.0,792,0.299,7200.0,1,MORTGAGE,EDUCATION,Low
30,72000.0,630,0.054,20700.0,4,RENT,VENTURE,High
68,59300.0,630,0.174,7200.0,13,MORTGAGE,EDUCATION,Low
32,25000.0,626,0.126,7200.0,8,RENT,MEDICAL,Low
21,93800.0,483,0.28,12600.0,1,RENT,PERSONAL,Low
23,134500.0,639,0.075,50000.0,1,RENT,EDUCATION,Low
57,25800.0,421,0.229,10500.0,7,RENT,PERSONAL,Low
63,71700.0,662,0.128,22400.0,11,RENT,MEDICAL,High
38,31900.0,813,0.193,7000.0,9,RENT,PERSONAL,Low
51,91700.0,607,0.128,29900.0,23,RENT,PERSONAL,Low
67,93600.0,495,0.65,30600.0,26,RENT,EDUCATION,High
58,39200.0,693,0.05,6100.0,29,RENT,MEDICAL,Low
59,43300.0,753,0.65,9400.0,4,RENT,EDUCATION,High
48,127000.0,477,0.343,50000.0,9,RENT,VENTURE,Low
54,42900.0,549,0.128,21200.0,9,MORTGAGE,PERSONAL,High
24,91600.0,505,0.378,34000.0,2,MORTGAGE,PERSONAL,Low
26,18000.0,578,0.246,2400.0,4,OWN,VENTURE,Low
57,19700.0,575,0.148,6500.0,7,MORTGAGE,PERSONAL,Low
38,90900.0,474,0.336,11400.0,12,RENT,MEDICAL,High
66,55300.0,573,0.202,19700.0,29,MORTGAGE,PERSONAL,Low
65,39700.0,623,0.407,7700.0,26,RENT,MEDICAL,Low
34,24400.0,817,0.399,8800.0,11,MORTGAGE,PERSONAL,Low
37,53600.0,684,0.167,25500.0,4,MORTGAGE,PERSONAL,Low
40,21000.0,543,0.43,9600.0,10,MORTGAGE,VENTURE,High
22,42300.0,426,0.196,10900.0,0,RENT,MEDICAL,High
71,69300.0,808,0.45,32700.0,8,RENT,MEDICAL,High
37,39200.0,533,0.298,15600.0,4,OWN,EDUCATION,High
52,18000.0,751,0.111,7800.0,22,MORTGAGE,EDUCATION,Low
60,18000.0,638,0.11,4100.0,8,OWN,VENTURE,Low
27,34800.0,639,0.351,4800.0,2,MORTGAGE,MEDICAL,Low
38,18000.0,754,0.267,3700.0,9,RENT,PERSONAL,Low
29,73200.0,774,0.05,20900.0,5,MORTGAGE,PERSONAL,High
29,29600.0,483,0.65,3300.0,5,RENT,PERSONAL,High
34,31100.0,532,0.085,15400.0,8,RENT,VENTURE,High
44,36400.0,440,0.204,12000.0,11,RENT,EDUCATION,Low
68,28400.0,411,0.177,6100.0,35,MORTGAGE,EDUCATION,High
66,100900.0,540,0.413,16800.0,31,OWN,PERSONAL,High
62,30300.0,507,0.253,15100.0,29,RENT,PERSONAL,Low
26,21700.0,682,0.318,3300.0,5,RENT,VENTURE,High
21,85900.0,407,0.374,34500.0,1,MORTGAGE,EDUCATION,High
69,29600.0,605,0.226,5000.0,10,RENT,PERSONAL,High
49,111300.0,504,0.142,25300.0,18,OWN,MEDICAL,Low
61,70200.0,454,0.304,29100.0,25,MORTGAGE,MEDICAL,High
31,35100.0,632,0.156,10000.0,4,MORTGAGE,MEDICAL,Low
33,48400.0,622,0.357,23300.0,8,MORTGAGE,PERSONAL,High
33,24700.0,482,0.233,10400.0,9,RENT,PERSONAL,High
68,23200.0,477,0.65,8000.0,17,RENT,MEDICAL,High
47,89700.0,465,0.15,27800.0,9,RENT,PERSONAL,High
37,37000.0,410,0.427,17300.0,13,RENT,VENTURE,Low
30,41500.0,711,0.139,15300.0,5,RENT,EDUCATION,Low
40,34500.0,704,0.106,14300.0,11,RENT,EDUCATION,High
56,49900.0,395,0.105,18300.0,19,RENT,MEDICAL,High
52,38900.0,814,0.328,8000.0,20,RENT,VENTURE,Low
22,48200.0,491,0.212,23800.0,0,RENT,PERSONAL,High
52,48300.0,791,0.461,24000.0,9,RENT,PERSONAL,Low
22,104700.0,400,0.263,21300.0,1,MORTGAGE,VENTURE,High
29,35400.0,809,0.289,14100.0,2,MORTGAGE,PERSONAL,Low
35,44700.0,560,0.312,15400.0,9,MORTGAGE,EDUCATION,Low
69,51500.0,789,0.569,10700.0,10,RENT,MEDICAL,Low
25,27300.0,845,0.142,4600.0,3,MORTGAGE,PERSONAL,Low
30,64400.0,678,0.107,27200.0,5,RENT,EDUCATION,Low
64,44800.0,480,0.336,17200.0,22,RENT,PERSONAL,High
29,34000.0,569,0.318,16600.0,5,OWN,PERSONAL,High
60,30100.0,528,0.618,4600.0,18,RENT,VENTURE,High
64,45500.0,765,0.222,19400.0,29,MORTGAGE,PERSONAL,Low
49,54600.0,447,0.166,17900.0,3,MORTGAGE,PERSONAL,Low
29,61600.0,585,0.309,24200.0,7,MORTGAGE,MEDICAL,High
58,73800.0,815,0.247,13500.0,10,OWN,EDUCATION,Low
52,39800.0,431,0.197,5700.0,10,MORTGAGE,PERSONAL,High
21,107300.0,407,0.477,45500.0,0,MORTGAGE,PERSONAL,High
43,51700.0,635,0.119,18800.0,10,RENT,EDUCATION,Low
33,93100.0,626,0.204,35900.0,8,RENT,EDUCATION,Low
55,40100.0,692,0.186,9900.0,21,RENT,EDUCATION,Low
47,95200.0,759,0.516,30500.0,8,OWN,MEDICAL,Low
28,50700.0,700,0.229,15300.0,3,RENT,PERSONAL,Low
62,31800.0,798,0.4,13500.0,6,OWN,PERSONAL,Low
47,38500.0,601,0.311,11000.0,5,MORTGAGE,PERSONAL,Low
51,56300.0,455,0.134,25800.0,16,MORTGAGE,EDUCATION,High
61,18400.0,472,0.337,8500.0,18,RENT,VENTURE,High
37,56100.0,843,0.225,17100.0,4,MORTGAGE,PERSONAL,Low
68,18000.0,524,0.219,4400.0,29,RENT,VENTURE,High
33,54900.0,695,0.253,16700.0,7,RENT,EDUCATION,Low
56,30000.0,667,0.081,10400.0,9,RENT,PERSONAL,Low
64,23600.0,402,0.48,5600.0,8,RENT,EDUCATION,High
50,34900.0,479,0.117,15700.0,3,OWN,EDUCATION,High
49,104800.0,811,0.154,23200.0,11,MORTGAGE,EDUCATION,Low
62,134600.0,661,0.527,28400.0,23,OWN,EDUCATION,Low
64,39600.0,733,0.572,11800.0,19,MORTGAGE,EDUCATION,Low
39,115700.0,405,0.147,23900.0,3,MORTGAGE,MEDICAL,High
26,59200.0,591,0.164,17500.0,1,RENT,EDUCATION,High
42,138500.0,757,0.532,49900.0,17,RENT,EDUCATION,High
61,52600.0,696,0.061,18500.0,21,RENT,PERSONAL,Low
51,76700.0,684,0.427,8200.0,6,MORTGAGE,PERSONAL,Low
24,27100.0,563,0.43,4200.0,1,RENT,VENTURE,High
71,105200.0,616,0.364,12100.0,24,OWN,MEDICAL,Low
38,84100.0,783,0.204,13000.0,11,RENT,PERSONAL,Low
61,102100.0,580,0.156,32800.0,16,MORTGAGE,MEDICAL,Low
41,132100.0,456,0.256,41000.0,3,RENT,EDUCATION,High
31,42100.0,402,0.145,8500.0,2,MORTGAGE,MEDICAL,High
24,66800.0,559,0.265,25700.0,3,MORTGAGE,VENTURE,High
58,18000.0,458,0.297,2000.0,18,OWN,EDUCATION,Low
68,30100.0,664,0.099,7600.0,34,RENT,PERSONAL,High
40,24600.0,699,0.601,3200.0,5,RENT,EDUCATION,High
42,83500.0,722,0.442,27900.0,4,MORTGAGE,PERSONAL,Low
57,72900.0,690,0.47,21900.0,29,RENT,EDUCATION,Low
24,65600.0,446,0.097,7000.0,2,MORTGAGE,PERSONAL,High
35,57600.0,398,0.298,27400.0,6,RENT,VENTURE,High
56,176200.0,585,0.379,50000.0,9,OWN,VENTURE,High
30,88100.0,784,0.158,33700.0,5,RENT,PERSONAL,Low
38,38300.0,608,0.425,9300.0,7,MORTGAGE,PERSONAL,Low
58,148400.0,723,0.206,36700.0,14,RENT,MEDICAL,Low
51,147900.0,754,0.264,41600.0,19,MORTGAGE,PERSONAL,Low
21,89100.0,464,0.483,26400.0,0,RENT,EDUCATION,High
54,18000.0,465,0.292,5900.0,4,RENT,VENTURE,High
35,30400.0,833,0.059,11400.0,3,MORTGAGE,EDUCATION,Low
70,69700.0,777,0.174,23900.0,39,MORTGAGE,PERSONAL,Low
47,43200.0,548,0.519,15000.0,7,RENT,PERSONAL,High
50,19900.0,631,0.312,5300.0,12,RENT,VENTURE,High
66,56900.0,833,0.099,26700.0,26,RENT,MEDICAL,High
53,33800.0,667,0.173,15100.0,9,OWN,VENTURE,High
53,62100.0,405,0.076,12600.0,22,RENT,MEDICAL,Low
69,62400.0,424,0.292,25800.0,26,OWN,PERSONAL,High
29,128800.0,737,0.126,22200.0,7,RENT,VENTURE,Low
37,30900.0,807,0.435,14800.0,6,RENT,MEDICAL,Low
36,101300.0,544,0.51,41600.0,9,OWN,VENTURE,Low
37,29900.0,551,0.161,6000.0,7,RENT,EDUCATION,Low
37,99600.0,651,0.229,36100.0,8,RENT,EDUCATION,Low
57,71700.0,583,0.05,25900.0,14,OWN,EDUCATION,Low
28,68300.0,545,0.211,30800.0,6,MORTGAGE,PERSONAL,High
53,57500.0,827,0.294,22500.0,23,RENT,PERSONAL,Low
66,34900.0,685,0.115,8600.0,25,RENT,MEDICAL,High
37,66800.0,627,0.395,15200.0,7,RENT,MEDICAL,High
69,73000.0,517,0.171,26600.0,38,OWN,EDUCATION,High
68,109200.0,570,0.223,18900.0,17,OWN,PERSONAL,High
66,65600.0,791,0.302,10800.0,24,OWN,EDUCATION,Low
70,69200.0,395,0.05,7600.0,19,RENT,VENTURE,High
42,27000.0,594,0.423,6400.0,15,RENT,PERSONAL,High
71,18100.0,724,0.199,2400.0,36,RENT,EDUCATION,Low
48,56700.0,576,0.33,20000.0,19,OWN,EDUCATION,Low
56,209600.0,612,0.135,33300.0,29,RENT,PERSONAL,Low
64,46500.0,406,0.485,18700.0,26,RENT,VENTURE,High
63,29100.0,544,0.329,10600.0,23,MORTGAGE,MEDICAL,High
24,18000.0,744,0.12,6100.0,1,OWN,VENTURE,Low
66,71100.0,509,0.05,10500.0,31,RENT,VENTURE,Low
46,27400.0,518,0.42,9200.0,8,RENT,PERSONAL,High
51,33800.0,433,0.392,16200.0,21,OWN,MEDICAL,High
45,58400.0,838,0.21,20700.0,10,RENT,PERSONAL,Low
67,73500.0,431,0.306,15100.0,5,MORTGAGE,PERSONAL,High
64,155600.0,812,0.176,50000.0,10,RENT,PERSONAL,Low
49,105100.0,699,0.202,32900.0,12,RENT,VENTURE,High
42,75900.0,706,0.093,13300.0,5,MORTGAGE,VENTURE,Low
37,48800.0,843,0.318,14100.0,12,OWN,VENTURE,Low
39,23900.0,702,0.62,2700.0,5,RENT,PERSONAL,Low
47,42200.0,446,0.484,17900.0,16,MORTGAGE,EDUCATION,High
41,88000.0,530,0.169,34100.0,5,RENT,EDUCATION,Low
29,18000.0,401,0.373,4900.0,4,RENT,EDUCATION,High
58,46800.0,779,0.155,21300.0,23,RENT,PERSONAL,Low
70,124200.0,399,0.65,47900.0,15,RENT,PERSONAL,High
51,85600.0,554,0.276,35400.0,18,MORTGAGE,PERSONAL,High
29,41600.0,572,0.332,17200.0,5,RENT,MEDICAL,High
29,39900.0,592,0.382,15700.0,5,MORTGAGE,PERSONAL,Low
37,72100.0,429,0.113,24400.0,10,MORTGAGE,PERSONAL,High
34,42500.0,594,0.142,21200.0,3,MORTGAGE,EDUCATION,Low
27,68700.0,473,0.466,30000.0,5,RENT,MEDICAL,High
37,139000.0,581,0.189,31400.0,10,RENT,PERSONAL,High
63,41800.0,569,0.262,5500.0,28,MORTGAGE,PERSONAL,Low
62,34500.0,401,0.289,13100.0,19,RENT,MEDICAL,High
58,93900.0,591,0.444,10900.0,5,MORTGAGE,VENTURE,High
33,60900.0,496,0.405,7300.0,2,MORTGAGE,EDUCATION,High
64,30200.0,658,0.05,14000.0,16,MORTGAGE,PERSONAL,Low
28,18000.0,687,0.135,5400.0,4,RENT,EDUCATION,High
68,143200.0,750,0.05,48200.0,30,MORTGAGE,EDUCATION,Low
64,156600.0,463,0.265,50000.0,20,RENT,VENTURE,Low
60,45800.0,578,0.423,12700.0,30,RENT,PERSONAL,Low
26,67900.0,720,0.094,23600.0,2,RENT,VENTURE,Low
51,57400.0,774,0.546,19100.0,14,MORTGAGE,VENTURE,High
38,67200.0,574,0.17,26100.0,13,MORTGAGE,PERSONAL,High
56,141600.0,538,0.32,34300.0,28,OWN,MEDICAL,Low
36,68200.0,795,0.386,14200.0,4,MORTGAGE,PERSONAL,Low
64,48000.0,665,0.102,8500.0,22,RENT,PERSONAL,Low
36,63200.0,753,0.111,13200.0,10,RENT,VENTURE,Low
29,57400.0,450,0.173,13100.0,2,RENT,EDUCATION,High
58,80400.0,456,0.333,27800.0,24,RENT,PERSONAL,High
32,44700.0,617,0.05,12900.0,3,RENT,PERSONAL,High
40,35200.0,651,0.374,16900.0,11,MORTGAGE,MEDICAL,High
50,163200.0,723,0.258,45900.0,17,OWN,EDUCATION,Low
39,82300.0,703,0.327,18900.0,9,RENT,VENTURE,High
45,87900.0,537,0.311,11800.0,15,MORTGAGE,VENTURE,High
55,199300.0,487,0.189,50000.0,13,RENT,MEDICAL,Low
68,53300.0,521,0.068,12900.0,20,MORTGAGE,VENTURE,Low
40,46500.0,492,0.29,15900.0,3,RENT,VENTURE,Low
37,65800.0,396,0.155,14300.0,2,RENT,EDUCATION,High
40,28500.0,672,0.165,9900.0,3,RENT,EDUCATION,High
24,29500.0,567,0.05,3900.0,1,MORTGAGE,EDUCATION,High
59,27700.0,608,0.213,9900.0,31,MORTGAGE,EDUCATION,Low
35,75200.0,725,0.373,31700.0,3,MORTGAGE,PERSONAL,Low
56,19900.0,383,0.337,5300.0,22,MORTGAGE,PERSONAL,High
30,53400.0,677,0.096,17100.0,3,RENT,VENTURE,Low
22,47500.0,757,0.212,19900.0,0,MORTGAGE,EDUCATION,High
42,127600.0,725,0.065,39800.0,6,OWN,VENTURE,Low
54,40800.0,700,0.089,12500.0,4,MORTGAGE,EDUCATION,Low
26,90500.0,630,0.236,23400.0,1,RENT,PERSONAL,Low
24,85100.0,737,0.242,26000.0,1,RENT,VENTURE,Low
52,80700.0,826,0.556,12600.0,8,RENT,VENTURE,Low
56,125800.0,745,0.332,22700.0,21,MORTGAGE,PERSONAL,Low
40,18000.0,552,0.341,4600.0,8,RENT,EDUCATION,High
54,67100.0,477,0.241,21500.0,12,MORTGAGE,PERSONAL,High
32,41600.0,529,0.188,5400.0,7,RENT,VENTURE,Low
53,41500.0,548,0.494,18000.0,9,RENT,PERSONAL,High
66,115000.0,795,0.359,32600.0,34,RENT,VENTURE,Low
69,36700.0,395,0.289,12200.0,15,RENT,MEDICAL,High
71,34400.0,458,0.214,3800.0,30,OWN,MEDICAL,High
35,108500.0,818,0.381,37600.0,11,MORTGAGE,PERSONAL,High
55,18000.0,556,0.222,3200.0,16,RENT,PERSONAL,High
30,116700.0,557,0.173,40800.0,5,RENT,EDUCATION,High
26,27100.0,842,0.627,13300.0,4,OWN,VENTURE,High
41,160600.0,600,0.099,44100.0,15,MORTGAGE,EDUCATION,Low
47,32600.0,819,0.278,16200.0,5,RENT,PERSONAL,High
27,73900.0,648,0.429,18900.0,3,RENT,EDUCATION,High
56,63000.0,584,0.126,18200.0,20,RENT,PERSONAL,Low
70,55800.0,421,0.244,25700.0,38,MORTGAGE,PERSONAL,High
44,72400.0,590,0.299,28200.0,14,RENT,PERSONAL,Low
57,52100.0,708,0.19,22800.0,11,MORTGAGE,MEDICAL,High
29,103300.0,770,0.304,48300.0,5,MORTGAGE,EDUCATION,Low
60,77300.0,609,0.375,11000.0,25,MORTGAGE,PERSONAL,Low
38,18000.0,562,0.245,4000.0,10,RENT,MEDICAL,High
57,18000.0,472,0.122,2000.0,16,OWN,EDUCATION,High
66,211900.0,389,0.336,46600.0,20,MORTGAGE,MEDICAL,Low
