tenure_months,monthly_charges,total_charges,contract_type,internet_service,payment_method,churn
14,35.27,473.84,One-Year,No,Electronic_Check,No
25,56.2,1398.54,Two-Year,DSL,Electronic_Check,No
31,72.09,2124.24,Month-to-Month,No,Bank_Transfer,Yes
32,86.74,2832.74,Month-to-Month,DSL,Electronic_Check,Yes
19,44.37,848.5,Month-to-Month,DSL,Bank_Transfer,No
58,62.32,3745.78,Month-to-Month,No,Credit_Card,Yes
17,64.4,1052.4,Month-to-Month,Fiber_Optic,Credit_Card,Yes
49,54.71,2698.21,Month-to-Month,Fiber_Optic,Electronic_Check,No
9,42.84,366.5,Month-to-Month,Fiber_Optic,Electronic_Check,Yes
22,77.82,1730.64,One-Year,No,Credit_Card,No
23,99.85,2203.38,Month-to-Month,Fiber_Optic,Bank_Transfer,Yes
32,76.61,2522.29,Two-Year,DSL,Mailed_Check,No
22,64.77,1415.09,Month-to-Month,No,Electronic_Check,No
41,27.09,1102.84,Month-to-Month,No,Electronic_Check,No
32,101.62,3392.2,Month-to-Month,DSL,Electronic_Check,Yes
60,108.44,6197.92,Month-to-Month,DSL,Electronic_Check,Yes
67,110.39,7669.86,Two-Year,Fiber_Optic,Electronic_Check,No
16,71.86,1189.89,Two-Year,No,Bank_Transfer,Yes
66,52.53,3435.1,One-Year,Fiber_Optic,Bank_Transfer,No
65,31.04,2118.38,Two-Year,DSL,Electronic_Check,No
61,92.08,5709.42,One-Year,Fiber_Optic,Bank_Transfer,No
23,71.79,1656.69,Month-to-Month,Fiber_Optic,Credit_Card,Yes
19,33.88,636.87,Two-Year,DSL,Bank_Transfer,No
56,36.47,2030.0,Month-to-Month,No,Credit_Card,No
47,113.9,5103.92,Two-Year,Fiber_Optic,Bank_Transfer,No
38,96.1,3552.81,Two-Year,No,Mailed_Check,No
65,111.57,7293.67,Two-Year,Fiber_Optic,Electronic_Check,No
25,47.1,1153.04,One-Year,DSL,Electronic_Check,No
31,89.96,2756.01,Month-to-Month,DSL,Bank_Transfer,Yes
40,101.47,4108.66,One-Year,Fiber_Optic,Electronic_Check,No
33,84.72,2799.91,Month-to-Month,Fiber_Optic,Electronic_Check,Yes
35,24.78,845.82,Month-to-Month,No,Electronic_Check,Yes
48,44.22,2068.0,One-Year,DSL,Credit_Card,No
11,98.26,1071.86,Month-to-Month,Fiber_Optic,Bank_Transfer,Yes
10,40.53,395.49,Month-to-Month,DSL,Credit_Card,Yes
32,105.36,3347.28,Month-to-Month,Fiber_Optic,Bank_Transfer,Yes
36,73.34,2591.83,Month-to-Month,DSL,Electronic_Check,Yes
66,96.84,6700.14,Month-to-Month,Fiber_Optic,Electronic_Check,No
2,35.84,69.93,Month-to-Month,No,Mailed_Check,Yes
47,23.34,1108.82,Month-to-Month,DSL,Electronic_Check,No
69,51.53,3568.29,Two-Year,DSL,Credit_Card,No
9,54.8,506.78,Month-to-Month,Fiber_Optic,Mailed_Check,Yes
33,76.99,2624.99,Two-Year,Fiber_Optic,Electronic_Check,No
50,21.41,1061.46,Month-to-Month,Fiber_Optic,Electronic_Check,No
15,109.9,1594.69,Month-to-Month,Fiber_Optic,Electronic_Check,Yes
50,95.3,4923.55,Month-to-Month,Fiber_Optic,Credit_Card,Yes
35,77.16,2634.26,Month-to-Month,DSL,Electronic_Check,Yes
36,80.78,2895.92,Month-to-Month,Fiber_Optic,Electronic_Check,Yes
51,31.95,1564.12,Month-to-Month,DSL,Mailed_Check,No
3,96.84,285.59,Month-to-Month,DSL,Electronic_Check,Yes
52,91.51,4619.83,One-Year,DSL,Electronic_Check,No
40,61.32,2341.5,Month-to-Month,DSL,Mailed_Check,Yes
35,21.45,786.05,Month-to-Month,DSL,Credit_Card,No
21,62.63,1343.02,Month-to-Month,Fiber_Optic,Mailed_Check,Yes
14,108.06,1511.42,Month-to-Month,DSL,Bank_Transfer,Yes
39,72.35,2931.51,Month-to-Month,Fiber_Optic,Credit_Card,No
58,20.5,1170.75,Month-to-Month,DSL,Electronic_Check,No
28,106.37,3042.36,Month-to-Month,Fiber_Optic,Mailed_Check,Yes
8,22.27,182.81,Month-to-Month,DSL,Mailed_Check,No
29,78.76,2293.08,Month-to-Month,No,Electronic_Check,No
14,48.74,673.77,One-Year,DSL,Electronic_Check,No
67,109.23,7236.88,Month-to-Month,Fiber_Optic,Electronic_Check,Yes
13,83.24,1051.04,Month-to-Month,Fiber_Optic,Electronic_Check,Yes
68,99.73,6509.31,Two-Year,DSL,Credit_Card,No
2,26.71,54.79,Two-Year,No,Credit_Card,No
13,55.28,685.7,Month-to-Month,Fiber_Optic,Mailed_Check,Yes
35,47.68,1629.36,Month-to-Month,No,Bank_Transfer,No
18,22.17,388.67,Month-to-Month,Fiber_Optic,Mailed_Check,Yes
12,92.83,1081.04,Month-to-Month,Fiber_Optic,Credit_Card,Yes
70,46.54,3335.99,Month-to-Month,DSL,Electronic_Check,No
23,23.38,527.14,One-Year,DSL,Credit_Card,No
40,26.45,1096.09,Month-to-Month,DSL,Credit_Card,No
61,78.06,4602.82,One-Year,DSL,Electronic_Check,No
49,21.71,1019.5,Month-to-Month,Fiber_Optic,Electronic_Check,No
65,39.34,2613.84,Two-Year,DSL,Bank_Transfer,No
42,97.57,3938.67,Month-to-Month,No,Mailed_Check,No
38,95.95,3618.71,Two-Year,DSL,Credit_Card,Yes
9,85.49,760.55,Month-to-Month,DSL,Electronic_Check,Yes
32,68.14,2153.39,One-Year,Fiber_Optic,Bank_Transfer,No
40,54.39,2090.73,Month-to-Month,No,Credit_Card,Yes
62,94.38,6143.52,One-Year,Fiber_Optic,Electronic_Check,Yes
4,22.6,92.25,Two-Year,DSL,Electronic_Check,No
67,107.38,7355.08,Two-Year,No,Bank_Transfer,No
1,111.25,113.66,Month-to-Month,Fiber_Optic,Electronic_Check,Yes
7,40.91,290.7,Month-to-Month,Fiber_Optic,Credit_Card,Yes
2,88.82,170.51,Two-Year,No,Electronic_Check,Yes
14,105.46,1444.36,Two-Year,DSL,Electronic_Check,Yes
36,113.7,4199.97,One-Year,Fiber_Optic,Mailed_Check,No
39,20.32,762.69,One-Year,DSL,Mailed_Check,No
7,71.38,499.12,Month-to-Month,Fiber_Optic,Bank_Transfer,Yes
52,109.27,5855.93,Month-to-Month,Fiber_Optic,Mailed_Check,Yes
3,51.56,152.27,Two-Year,DSL,Bank_Transfer,No
70,65.79,4625.61,Month-to-Month,Fiber_Optic,Bank_Transfer,No
7,87.22,599.27,Two-Year,Fiber_Optic,Electronic_Check,Yes
38,47.79,1842.37,Two-Year,No,Electronic_Check,No
38,110.84,4407.63,Month-to-Month,No,Credit_Card,No
15,38.31,593.13,Month-to-Month,Fiber_Optic,Electronic_Check,Yes
45,75.75,3564.64,Month-to-Month,DSL,Electronic_Check,No
17,78.49,1386.85,Two-Year,DSL,Electronic_Check,No
16,91.17,1440.25,Month-to-Month,DSL,Bank_Transfer,Yes
1,90.02,89.21,One-Year,Fiber_Optic,Electronic_Check,Yes
65,70.79,4642.36,One-Year,DSL,Mailed_Check,No
31,51.91,1673.33,Month-to-Month,Fiber_Optic,Bank_Transfer,Yes
13,93.86,1165.97,Month-to-Month,No,Credit_Card,Yes
57,99.94,5790.94,Month-to-Month,DSL,Electronic_Check,No
31,90.26,2777.22,Month-to-Month,Fiber_Optic,Mailed_Check,Yes
52,84.67,4431.88,Month-to-Month,DSL,Electronic_Check,Yes
46,86.01,4001.9,Month-to-Month,No,Mailed_Check,Yes
22,91.09,1933.95,One-Year,Fiber_Optic,Mailed_Check,Yes
45,36.64,1687.7,Month-to-Month,Fiber_Optic,Electronic_Check,Yes
6,43.01,254.71,One-Year,Fiber_Optic,Electronic_Check,No
15,81.14,1227.32,One-Year,Fiber_Optic,Mailed_Check,No
30,33.55,1047.18,One-Year,Fiber_Optic,Electronic_Check,No
14,113.95,1597.71,Two-Year,Fiber_Optic,Bank_Transfer,No
42,87.24,3579.17,Month-to-Month,DSL,Electronic_Check,Yes
19,106.66,2072.38,Two-Year,DSL,Electronic_Check,Yes
35,66.88,2342.78,Month-to-Month,No,Electronic_Check,Yes
41,41.96,1750.28,Two-Year,DSL,Electronic_Check,No
68,66.85,4360.84,Two-Year,No,Mailed_Check,No
60,97.26,5775.95,One-Year,Fiber_Optic,Credit_Card,No
54,37.84,1982.72,One-Year,No,Credit_Card,No
13,94.26,1195.07,Month-to-Month,DSL,Bank_Transfer,Yes
15,45.91,682.71,Month-to-Month,Fiber_Optic,Bank_Transfer,Yes
35,103.48,3567.97,Month-to-Month,Fiber_Optic,Bank_Transfer,No
12,39.73,464.04,Two-Year,DSL,Electronic_Check,Yes
16,50.05,767.83,Two-Year,Fiber_Optic,Bank_Transfer,No
13,29.08,388.99,Month-to-Month,Fiber_Optic,Credit_Card,Yes
56,23.08,1285.05,Month-to-Month,No,Electronic_Check,No
12,54.23,678.65,Month-to-Month,Fiber_Optic,Electronic_Check,Yes
29,62.41,1789.89,Month-to-Month,DSL,Mailed_Check,Yes
4,25.75,104.09,One-Year,Fiber_Optic,Bank_Transfer,No
11,28.01,309.19,Two-Year,DSL,Credit_Card,Yes
8,103.09,804.01,Month-to-Month,DSL,Credit_Card,Yes
48,76.9,3524.78,Month-to-Month,No,Electronic_Check,No
69,57.75,4173.02,Month-to-Month,Fiber_Optic,Bank_Transfer,Yes
39,27.09,1046.76,Two-Year,Fiber_Optic,Bank_Transfer,No
1,71.28,71.19,Month-to-Month,Fiber_Optic,Bank_Transfer,Yes
48,75.45,3780.85,Month-to-Month,DSL,Mailed_Check,Yes
14,47.29,657.23,One-Year,DSL,Electronic_Check,No
16,98.9,1528.09,Month-to-Month,Fiber_Optic,Mailed_Check,Yes
22,65.34,1439.61,Month-to-Month,Fiber_Optic,Electronic_Check,Yes
19,42.22,808.22,Month-to-Month,DSL,Electronic_Check,No
11,100.12,1070.4,Month-to-Month,DSL,Credit_Card,Yes
23,91.48,2028.89,One-Year,DSL,Mailed_Check,No
13,73.96,940.99,One-Year,Fiber_Optic,Electronic_Check,No
60,98.36,5673.92,Month-to-Month,Fiber_Optic,Bank_Transfer,Yes
17,42.16,701.81,Two-Year,Fiber_Optic,Mailed_Check,No
21,64.2,1348.32,Month-to-Month,Fiber_Optic,Electronic_Check,Yes
20,54.16,1126.37,Two-Year,Fiber_Optic,Electronic_Check,No
49,51.83,2466.01,One-Year,Fiber_Optic,Mailed_Check,No
20,73.9,1407.77,Two-Year,DSL,Mailed_Check,No
45,22.81,990.09,One-Year,Fiber_Optic,Bank_Transfer,No
25,36.69,951.71,One-Year,Fiber_Optic,Credit_Card,No
48,82.88,3856.8,One-Year,DSL,Mailed_Check,Yes
28,35.51,988.44,Month-to-Month,Fiber_Optic,Electronic_Check,Yes
32,100.3,3277.37,Month-to-Month,No,Mailed_Check,Yes
37,41.72,1497.51,Month-to-Month,DSL,Mailed_Check,Yes
54,70.15,3802.1,Month-to-Month,Fiber_Optic,Mailed_Check,No
17,47.66,782.18,One-Year,Fiber_Optic,Bank_Transfer,Yes
35,64.19,2174.8,Month-to-Month,No,Electronic_Check,No
21,31.51,654.31,Month-to-Month,DSL,Electronic_Check,No
19,33.15,651.9,Month-to-Month,Fiber_Optic,Bank_Transfer,Yes
20,64.16,1327.59,Month-to-Month,DSL,Electronic_Check,Yes
36,79.25,2922.69,Month-to-Month,Fiber_Optic,Bank_Transfer,Yes
37,77.59,2829.27,Month-to-Month,No,Mailed_Check,Yes
49,90.37,4218.43,Two-Year,No,Bank_Transfer,No
39,92.48,3433.62,One-Year,DSL,Bank_Transfer,No
9,75.02,696.26,Two-Year,DSL,Electronic_Check,Yes
37,56.04,1994.61,Month-to-Month,DSL,Credit_Card,Yes
52,113.39,6088.81,Month-to-Month,DSL,Electronic_Check,Yes
53,73.78,4042.66,Two-Year,Fiber_Optic,Credit_Card,No
37,48.26,1867.89,Two-Year,DSL,Mailed_Check,Yes
23,75.5,1807.47,One-Year,Fiber_Optic,Mailed_Check,No
65,86.51,5620.15,Month-to-Month,DSL,Mailed_Check,No
30,41.11,1258.52,Month-to-Month,Fiber_Optic,Bank_Transfer,Yes
38,108.37,4261.84,One-Year,Fiber_Optic,Electronic_Check,No
26,104.19,2837.86,Month-to-Month,DSL,Electronic_Check,Yes
63,74.85,4623.27,Month-to-Month,No,Electronic_Check,No
51,83.96,4207.8,Two-Year,No,Electronic_Check,No
13,46.95,597.87,One-Year,Fiber_Optic,Electronic_Check,No
23,74.07,1676.19,One-Year,DSL,Electronic_Check,No
10,50.94,526.52,One-Year,DSL,Bank_Transfer,No
63,54.25,3279.38,One-Year,DSL,Mailed_Check,No
36,54.18,2015.11,One-Year,DSL,Bank_Transfer,No
30,42.6,1337.77,Month-to-Month,No,Mailed_Check,No
1,39.22,39.31,Month-to-Month,Fiber_Optic,Electronic_Check,Yes
46,68.53,3231.57,Month-to-Month,DSL,Electronic_Check,No
36,32.03,1166.1,One-Year,DSL,Bank_Transfer,Yes
17,34.17,604.3,One-Year,Fiber_Optic,Electronic_Check,No
8,96.54,810.12,Month-to-Month,Fiber_Optic,Credit_Card,Yes
16,75.45,1162.14,One-Year,Fiber_Optic,Electronic_Check,Yes
60,93.24,5518.24,Month-to-Month,DSL,Electronic_Check,Yes
66,44.79,2895.35,Two-Year,No,Mailed_Check,No
55,98.56,5325.02,Two-Year,No,Bank_Transfer,No
50,86.27,4157.17,Month-to-Month,No,Bank_Transfer,Yes
33,100.48,3473.7,Month-to-Month,No,Credit_Card,No
50,107.1,5466.74,Month-to-Month,DSL,Credit_Card,Yes
10,91.43,943.85,Two-Year,Fiber_Optic,Credit_Card,No
54,39.7,2182.59,One-Year,Fiber_Optic,Electronic_Check,No
58,22.48,1287.71,Two-Year,Fiber_Optic,Electronic_Check,No
52,21.34,1080.85,One-Year,Fiber_Optic,Credit_Card,No
71,34.15,2368.44,Month-to-Month,Fiber_Optic,Credit_Card,No
11,42.2,472.25,Two-Year,DSL,Mailed_Check,Yes
37,94.74,3483.3,Month-to-Month,DSL,Electronic_Check,Yes
7,27.38,198.59,Month-to-Month,DSL,Credit_Card,Yes
24,78.57,1914.82,Month-to-Month,DSL,Credit_Card,No
27,103.86,2855.69,Two-Year,DSL,Electronic_Check,No
30,34.56,1078.1,One-Year,Fiber_Optic,Electronic_Check,Yes
60,82.86,5206.75,Month-to-Month,Fiber_Optic,Credit_Card,No
57,41.64,2339.94,One-Year,Fiber_Optic,Mailed_Check,Yes
46,71.63,3233.86,Month-to-Month,Fiber_Optic,Electronic_Check,Yes
15,21.8,338.97,One-Year,DSL,Credit_Card,No
10,30.73,313.36,One-Year,No,Electronic_Check,No
13,84.77,1115.81,Two-Year,Fiber_Optic,Electronic_Check,No
4,46.8,192.39,Month-to-Month,Fiber_Optic,Credit_Card,Yes
15,75.2,1096.94,Month-to-Month,DSL,Bank_Transfer,Yes
56,114.55,6102.65,Month-to-Month,DSL,Credit_Card,Yes
61,55.11,3303.07,Month-to-Month,Fiber_Optic,Credit_Card,Yes
40,73.03,3012.62,Month-to-Month,DSL,Bank_Transfer,No
53,39.83,2057.6,Month-to-Month,DSL,Bank_Transfer,Yes
61,64.78,3987.12,Two-Year,Fiber_Optic,Electronic_Check,No
68,75.15,5350.08,Month-to-Month,DSL,Credit_Card,No
64,101.68,6215.96,Two-Year,DSL,Electronic_Check,No
66,87.61,5781.8,One-Year,Fiber_Optic,Mailed_Check,No
1,45.21,44.32,Two-Year,DSL,Electronic_Check,No
40,20.77,829.17,Month-to-Month,No,Bank_Transfer,Yes
53,106.87,5457.02,Month-to-Month,Fiber_Optic,Bank_Transfer,No
19,79.31,1498.86,One-Year,DSL,Electronic_Check,No
16,33.3,507.68,One-Year,DSL,Bank_Transfer,No
46,54.65,2391.74,Month-to-Month,DSL,Bank_Transfer,Yes
60,44.42,2559.45,Two-Year,Fiber_Optic,Credit_Card,No
61,51.75,3299.26,Month-to-Month,No,Electronic_Check,No
40,34.09,1385.65,Two-Year,Fiber_Optic,Bank_Transfer,No
60,46.84,2915.95,Two-Year,No,Bank_Transfer,No
48,29.88,1466.25,One-Year,DSL,Electronic_Check,No
2,20.84,40.41,Month-to-Month,Fiber_Optic,Mailed_Check,Yes
17,103.86,1722.13,One-Year,No,Credit_Card,Yes
71,24.03,1765.2,Month-to-Month,Fiber_Optic,Electronic_Check,No
33,36.68,1225.75,Month-to-Month,DSL,Bank_Transfer,No
32,100.91,3248.55,Month-to-Month,No,Electronic_Check,Yes
38,42.65,1681.92,Month-to-Month,Fiber_Optic,Bank_Transfer,No
17,96.55,1691.53,One-Year,DSL,Bank_Transfer,No
32,108.78,3435.29,One-Year,DSL,Mailed_Check,No
20,61.99,1265.91,Month-to-Month,DSL,Bank_Transfer,Yes
37,91.5,3234.43,Two-Year,Fiber_Optic,Credit_Card,Yes
67,78.02,4997.36,Month-to-Month,No,Mailed_Check,Yes
16,104.49,1589.61,Two-Year,Fiber_Optic,Bank_Transfer,Yes
22,78.29,1802.39,Month-to-Month,Fiber_Optic,Credit_Card,Yes
28,30.54,813.67,Month-to-Month,Fiber_Optic,Credit_Card,No
29,59.09,1679.08,Month-to-Month,Fiber_Optic,Electronic_Check,Yes
58,53.21,2942.45,Two-Year,DSL,Credit_Card,No
10,64.72,617.32,Month-to-Month,DSL,Bank_Transfer,Yes
55,62.68,3609.8,One-Year,Fiber_Optic,Electronic_Check,Yes
34,58.82,2015.72,Month-to-Month,Fiber_Optic,Electronic_Check,No
28,108.03,2895.04,One-Year,Fiber_Optic,Electronic_Check,No
46,101.43,4643.95,Month-to-Month,DSL,Credit_Card,No
41,65.56,2615.32,Two-Year,DSL,Bank_Transfer,No
34,108.24,3837.63,Month-to-Month,DSL,Credit_Card,Yes
5,76.52,379.93,One-Year,Fiber_Optic,Bank_Transfer,No
23,92.64,2169.67,Two-Year,Fiber_Optic,Mailed_Check,No
71,21.86,1612.1,Two-Year,Fiber_Optic,Electronic_Check,No
43,93.6,3842.14,Month-to-Month,No,Bank_Transfer,Yes
55,68.1,3795.23,Month-to-Month,Fiber_Optic,Mailed_Check,Yes
28,89.25,2433.42,Month-to-Month,DSL,Mailed_Check,No
43,54.03,2363.84,Month-to-Month,No,Electronic_Check,Yes
26,46.05,1191.19,Month-to-Month,DSL,Mailed_Check,Yes
37,61.11,2325.19,Two-Year,Fiber_Optic,Bank_Transfer,No
24,48.32,1164.05,One-Year,No,Credit_Card,No
23,29.17,657.3,Month-to-Month,DSL,Credit_Card,Yes
33,88.82,2941.89,One-Year,No,Mailed_Check,No
42,47.25,1991.32,Month-to-Month,Fiber_Optic,Electronic_Check,No
33,84.93,2857.66,Two-Year,Fiber_Optic,Electronic_Check,No
36,20.71,773.79,Month-to-Month,Fiber_Optic,Bank_Transfer,No
69,39.14,2628.9,Month-to-Month,DSL,Electronic_Check,No
45,86.16,3761.83,Two-Year,Fiber_Optic,Electronic_Check,No
14,37.61,513.83,Month-to-Month,DSL,Mailed_Check,Yes
32,54.83,1808.91,Two-Year,Fiber_Optic,Credit_Card,No
61,67.54,3928.15,Month-to-Month,DSL,Mailed_Check,No
62,106.14,6308.8,Month-to-Month,Fiber_Optic,Bank_Transfer,Yes
56,23.64,1380.08,Two-Year,DSL,Credit_Card,No
3,81.06,244.91,One-Year,No,Electronic_Check,Yes
58,60.74,3556.33,Month-to-Month,Fiber_Optic,Mailed_Check,Yes
55,77.18,4134.34,One-Year,No,Electronic_Check,No
67,23.51,1610.14,One-Year,Fiber_Optic,Electronic_Check,No
50,69.79,3640.25,One-Year,Fiber_Optic,Electronic_Check,No
15,49.12,764.61,Month-to-Month,DSL,Electronic_Check,Yes
68,54.12,3781.8,One-Year,Fiber_Optic,Electronic_Check,No
70,46.71,3117.34,Month-to-Month,DSL,Electronic_Check,No
22,23.34,512.75,One-Year,DSL,Credit_Card,No
26,76.86,1999.46,One-Year,Fiber_Optic,Mailed_Check,Yes
69,71.0,4924.48,Month-to-Month,Fiber_Optic,Electronic_Check,No
71,64.67,4746.14,Month-to-Month,No,Mailed_Check,No
67,82.32,5580.21,Month-to-Month,Fiber_Optic,Mailed_Check,Yes
21,62.07,1321.88,One-Year,DSL,Bank_Transfer,No
67,62.1,4339.72,Month-to-Month,Fiber_Optic,Bank_Transfer,No
20,102.99,2042.68,One-Year,DSL,Bank_Transfer,Yes
23,66.19,1539.52,Two-Year,DSL,Bank_Transfer,Yes
34,38.14,1268.68,One-Year,Fiber_Optic,Bank_Transfer,No
67,84.42,5412.06,Two-Year,DSL,Electronic_Check,No
42,105.75,4265.2,Month-to-Month,DSL,Mailed_Check,No
35,31.8,1091.77,Two-Year,DSL,Mailed_Check,No
6,83.75,487.76,Month-to-Month,Fiber_Optic,Bank_Transfer,Yes
71,21.9,1599.57,Month-to-Month,No,Mailed_Check,No
16,85.95,1409.18,Month-to-Month,Fiber_Optic,Electronic_Check,Yes
33,37.21,1254.65,Two-Year,DSL,Electronic_Check,No
47,40.33,1975.91,One-Year,Fiber_Optic,Credit_Card,No
15,30.5,437.92,Two-Year,Fiber_Optic,Mailed_Check,No
47,68.73,3127.78,Month-to-Month,Fiber_Optic,Credit_Card,No
37,75.38,2837.76,Month-to-Month,DSL,Electronic_Check,No
41,83.84,3505.1,Month-to-Month,Fiber_Optic,Credit_Card,Yes
5,69.79,356.76,One-Year,DSL,Mailed_Check,Yes
40,29.38,1119.04,Month-to-Month,DSL,Bank_Transfer,Yes
62,88.04,5267.0,Two-Year,Fiber_Optic,Credit_Card,No
53,81.91,4532.75,Month-to-Month,Fiber_Optic,Electronic_Check,Yes
17,85.97,1427.97,One-Year,Fiber_Optic,Mailed_Check,Yes
65,109.54,7145.36,One-Year,Fiber_Optic,Credit_Card,No
58,81.06,4831.14,Two-Year,DSL,Electronic_Check,No
18,54.44,1009.23,One-Year,Fiber_Optic,Electronic_Check,Yes
45,86.6,3843.43,Month-to-Month,Fiber_Optic,Electronic_Check,No
38,85.02,3259.5,Month-to-Month,DSL,Bank_Transfer,Yes
28,86.61,2421.58,One-Year,Fiber_Optic,Electronic_Check,Yes
33,36.21,1170.39,Month-to-Month,DSL,Credit_Card,Yes
23,107.58,2445.86,Month-to-Month,Fiber_Optic,Credit_Card,Yes
64,107.91,6995.82,One-Year,Fiber_Optic,Electronic_Check,No
48,56.17,2660.65,Month-to-Month,No,Mailed_Check,No
29,70.96,2094.7,One-Year,No,Bank_Transfer,No
16,71.38,1097.51,Two-Year,DSL,Credit_Card,Yes
59,40.7,2349.54,Month-to-Month,Fiber_Optic,Mailed_Check,No
51,77.82,3861.92,Month-to-Month,DSL,Bank_Transfer,Yes
65,58.11,3628.03,Month-to-Month,DSL,Electronic_Check,Yes
16,83.32,1275.51,Month-to-Month,DSL,Credit_Card,Yes
48,81.01,3732.46,Month-to-Month,Fiber_Optic,Mailed_Check,No
18,66.05,1241.31,Month-to-Month,Fiber_Optic,Bank_Transfer,Yes
64,40.46,2557.6,Month-to-Month,No,Bank_Transfer,No
70,34.33,2398.21,One-Year,DSL,Credit_Card,No
56,79.56,4255.3,One-Year,Fiber_Optic,Electronic_Check,No
7,63.86,436.18,One-Year,No,Mailed_Check,No
55,78.37,4434.74,Two-Year,DSL,Electronic_Check,Yes
35,73.11,2535.89,One-Year,DSL,Mailed_Check,No
12,52.16,605.78,One-Year,Fiber_Optic,Electronic_Check,No
10,105.09,1034.21,Month-to-Month,Fiber_Optic,Credit_Card,Yes
8,62.87,510.07,One-Year,Fiber_Optic,Mailed_Check,Yes
8,58.34,471.65,Month-to-Month,No,Bank_Transfer,Yes
17,48.01,856.67,Month-to-Month,Fiber_Optic,Electronic_Check,Yes
42,91.54,3909.63,One-Year,Fiber_Optic,Credit_Card,No
33,100.67,3288.65,Month-to-Month,Fiber_Optic,Mailed_Check,Yes
15,112.05,1655.64,Month-to-Month,Fiber_Optic,Electronic_Check,Yes
29,71.09,2106.3,Month-to-Month,Fiber_Optic,Bank_Transfer,Yes
48,31.92,1600.86,Two-Year,DSL,Bank_Transfer,No
11,21.11,221.6,One-Year,Fiber_Optic,Mailed_Check,Yes
9,110.08,953.92,Month-to-Month,DSL,Electronic_Check,Yes
41,58.62,2367.23,One-Year,Fiber_Optic,Electronic_Check,No
19,20.98,389.06,Month-to-Month,Fiber_Optic,Mailed_Check,No
40,49.28,1970.97,One-Year,DSL,Electronic_Check,No
28,78.94,2124.78,Two-Year,DSL,Electronic_Check,Yes
9,28.31,259.56,Two-Year,Fiber_Optic,Electronic_Check,No
66,86.64,5965.65,Month-to-Month,Fiber_Optic,Electronic_Check,No
14,56.88,802.27,Month-to-Month,DSL,Electronic_Check,No
49,96.24,4861.42,Two-Year,No,Bank_Transfer,No
58,74.59,4163.68,Month-to-Month,No,Bank_Transfer,No
33,41.42,1376.05,Month-to-Month,DSL,Electronic_Check,Yes
15,22.76,353.04,Month-to-Month,Fiber_Optic,Mailed_Check,Yes
56,89.91,5241.17,Two-Year,Fiber_Optic,Mailed_Check,No
48,44.32,2053.17,Month-to-Month,DSL,Mailed_Check,No
42,92.81,3888.2,Two-Year,Fiber_Optic,Credit_Card,No
57,97.5,5805.16,Two-Year,Fiber_Optic,Bank_Transfer,No
49,33.5,1620.63,Month-to-Month,No,Credit_Card,No
15,83.35,1306.42,One-Year,Fiber_Optic,Credit_Card,Yes
32,49.72,1625.57,One-Year,DSL,Bank_Transfer,No
5,76.7,394.32,Month-to-Month,DSL,Electronic_Check,Yes
52,63.78,3176.85,One-Year,Fiber_Optic,Mailed_Check,No
62,48.74,2887.49,One-Year,No,Mailed_Check,No
4,81.28,316.47,Two-Year,DSL,Electronic_Check,No
60,97.53,6098.79,Month-to-Month,DSL,Bank_Transfer,Yes
66,100.05,6840.14,Month-to-Month,Fiber_Optic,Credit_Card,Yes
12,29.22,343.62,Two-Year,Fiber_Optic,Electronic_Check,Yes
60,80.25,4646.48,Month-to-Month,Fiber_Optic,Mailed_Check,Yes
70,81.45,5966.57,Two-Year,DSL,Electronic_Check,No
1,73.35,70.07,One-Year,No,Electronic_Check,Yes
59,109.78,6425.86,One-Year,DSL,Electronic_Check,No
61,65.74,4147.79,One-Year,Fiber_Optic,Electronic_Check,Yes
52,54.66,2733.96,Two-Year,No,Mailed_Check,No
15,36.51,521.3,Month-to-Month,Fiber_Optic,Electronic_Check,No
22,99.69,2137.18,One-Year,Fiber_Optic,Electronic_Check,No
46,32.5,1532.43,Month-to-Month,Fiber_Optic,Electronic_Check,Yes
24,71.42,1739.23,Month-to-Month,DSL,Mailed_Check,Yes
23,28.55,678.43,Month-to-Month,Fiber_Optic,Mailed_Check,Yes
23,63.72,1463.54,Month-to-Month,Fiber_Optic,Bank_Transfer,Yes
64,29.93,1916.06,Two-Year,Fiber_Optic,Electronic_Check,No
17,45.0,791.52,Month-to-Month,No,Electronic_Check,Yes
69,54.44,3691.4,Month-to-Month,Fiber_Optic,Credit_Card,No
41,26.11,1053.34,Two-Year,DSL,Bank_Transfer,No
30,43.26,1315.2,Month-to-Month,DSL,Bank_Transfer,Yes
57,77.01,4356.39,Month-to-Month,DSL,Credit_Card,Yes
69,87.33,6024.05,One-Year,Fiber_Optic,Mailed_Check,No
34,83.85,2884.01,Month-to-Month,DSL,Electronic_Check,Yes
59,45.04,2690.61,One-Year,DSL,Electronic_Check,No
24,114.3,2624.14,Month-to-Month,Fiber_Optic,Credit_Card,Yes
32,58.83,1882.75,One-Year,DSL,Credit_Card,No
54,93.65,4976.95,Month-to-Month,Fiber_Optic,Credit_Card,Yes
47,40.81,1857.18,Two-Year,DSL,Mailed_Check,No
35,112.64,3900.24,Month-to-Month,DSL,Electronic_Check,Yes
29,54.68,1646.52,Month-to-Month,Fiber_Optic,Electronic_Check,Yes
21,20.0,415.05,Month-to-Month,DSL,Bank_Transfer,Yes
61,78.85,4595.78,Month-to-Month,Fiber_Optic,Electronic_Check,Yes
66,98.63,6209.74,Two-Year,DSL,Credit_Card,No
36,108.6,3976.32,Month-to-Month,DSL,Credit_Card,Yes
66,30.68,2120.07,Month-to-Month,Fiber_Optic,Electronic_Check,No
64,98.18,6379.29,Two-Year,Fiber_Optic,Electronic_Check,No
36,60.43,2233.96,One-Year,Fiber_Optic,Electronic_Check,No
43,26.25,1100.78,Month-to-Month,DSL,Mailed_Check,No
30,70.34,2203.26,Month-to-Month,No,Bank_Transfer,Yes
11,85.46,959.2,Month-to-Month,No,Bank_Transfer,Yes
15,47.27,732.84,Month-to-Month,Fiber_Optic,Electronic_Check,Yes
54,75.91,4047.68,Month-to-Month,Fiber_Optic,Electronic_Check,Yes
46,48.23,2180.17,Month-to-Month,Fiber_Optic,Mailed_Check,Yes
69,48.3,3278.26,Two-Year,DSL,Electronic_Check,No
40,103.87,4109.5,Month-to-Month,DSL,Mailed_Check,Yes
58,63.11,3549.51,Two-Year,Fiber_Optic,Mailed_Check,No
3,43.68,130.7,Two-Year,DSL,Electronic_Check,No
64,103.29,6644.42,Month-to-Month,No,Electronic_Check,No
68,52.42,3623.98,One-Year,DSL,Electronic_Check,No
4,93.89,356.9,Month-to-Month,Fiber_Optic,Electronic_Check,Yes
7,79.08,570.9,Two-Year,DSL,Credit_Card,Yes
9,83.71,749.29,One-Year,DSL,Bank_Transfer,Yes
21,59.12,1296.4,Month-to-Month,DSL,Mailed_Check,Yes
32,100.67,3082.23,Month-to-Month,DSL,Credit_Card,Yes
38,25.05,957.88,One-Year,DSL,Mailed_Check,Yes
71,106.19,7535.42,Month-to-Month,Fiber_Optic,Mailed_Check,Yes
5,36.8,178.83,Month-to-Month,Fiber_Optic,Electronic_Check,Yes
59,91.77,5356.81,Two-Year,DSL,Credit_Card,No
67,56.71,3713.16,Two-Year,Fiber_Optic,Bank_Transfer,No
62,35.61,2284.54,Month-to-Month,No,Credit_Card,No
52,25.68,1360.61,One-Year,DSL,Electronic_Check,No
21,75.43,1625.62,Two-Year,DSL,Electronic_Check,No
47,113.41,5409.18,Two-Year,Fiber_Optic,Mailed_Check,No
1,102.13,98.71,One-Year,Fiber_Optic,Credit_Card,Yes
49,63.61,3070.37,Month-to-Month,Fiber_Optic,Mailed_Check,Yes
71,48.63,3315.58,Two-Year,No,Electronic_Check,No
67,27.18,1867.81,Month-to-Month,Fiber_Optic,Electronic_Check,Yes
28,32.93,877.44,Month-to-Month,No,Mailed_Check,Yes
64,91.76,6032.0,One-Year,Fiber_Optic,Bank_Transfer,No
21,32.83,715.26,Month-to-Month,DSL,Electronic_Check,No
6,101.39,624.91,Month-to-Month,No,Mailed_Check,Yes
56,51.0,2887.67,Month-to-Month,Fiber_Optic,Credit_Card,No
14,80.77,1154.06,Month-to-Month,DSL,Electronic_Check,Yes
44,42.62,1950.15,Month-to-Month,Fiber_Optic,Bank_Transfer,No
10,87.57,879.0,Two-Year,DSL,Mailed_Check,No
46,28.05,1235.63,Month-to-Month,Fiber_Optic,Bank_Transfer,No
21,29.61,612.11,Month-to-Month,DSL,Credit_Card,Yes
68,33.84,2280.46,Month-to-Month,Fiber_Optic,Credit_Card,No
50,57.9,2938.76,Month-to-Month,Fiber_Optic,Credit_Card,No
3,64.41,199.71,One-Year,DSL,Mailed_Check,No
26,48.04,1254.0,One-Year,DSL,Bank_Transfer,No
50,105.32,5226.81,Two-Year,Fiber_Optic,Electronic_Check,No
42,68.35,2734.67,Two-Year,DSL,Credit_Card,No
69,106.92,7484.56,Two-Year,DSL,Credit_Card,No
44,114.16,5205.14,Two-Year,No,Credit_Card,Yes
66,70.59,4659.4,Month-to-Month,Fiber_Optic,Mailed_Check,No
35,59.65,2133.01,One-Year,Fiber_Optic,Credit_Card,No
58,46.9,2797.01,Two-Year,DSL,Credit_Card,No
31,29.05,873.36,Month-to-Month,Fiber_Optic,Electronic_Check,No
67,60.61,4194.28,Month-to-Month,Fiber_Optic,Electronic_Check,Yes
58,54.86,3067.43,Month-to-Month,Fiber_Optic,Electronic_Check,No
17,61.2,1079.88,One-Year,No,Credit_Card,Yes
65,64.86,4368.17,Month-to-Month,Fiber_Optic,Mailed_Check,No
9,100.65,888.15,One-Year,Fiber_Optic,Bank_Transfer,Yes
54,111.37,5951.82,Month-to-Month,Fiber_Optic,Mailed_Check,Yes
30,53.99,1682.9,Two-Year,Fiber_Optic,Electronic_Check,No
37,113.24,4355.41,Month-to-Month,DSL,Bank_Transfer,Yes
49,56.95,2822.38,Month-to-Month,DSL,Bank_Transfer,No
10,79.21,776.13,One-Year,Fiber_Optic,Mailed_Check,No
14,98.79,1440.17,Two-Year,DSL,Electronic_Check,Yes
9,84.87,756.94,Two-Year,Fiber_Optic,Electronic_Check,No
70,107.49,7253.69,Month-to-Month,Fiber_Optic,Electronic_Check,Yes
44,29.85,1346.85,Month-to-Month,DSL,Electronic_Check,Yes
42,112.04,4652.01,Two-Year,Fiber_Optic,Electronic_Check,No
45,48.47,2264.88,Two-Year,DSL,Mailed_Check,No
11,47.95,513.6,Month-to-Month,DSL,Mailed_Check,Yes
8,22.52,188.86,Month-to-Month,DSL,Bank_Transfer,No
24,81.17,1950.97,One-Year,Fiber_Optic,Bank_Transfer,No
65,27.48,1786.03,Month-to-Month,DSL,Mailed_Check,No
37,59.4,2143.95,One-Year,Fiber_Optic,Electronic_Check,Yes
46,30.01,1329.58,One-Year,Fiber_Optic,Credit_Card,No
53,31.12,1702.06,Month-to-Month,Fiber_Optic,Bank_Transfer,No
9,44.07,411.57,Month-to-Month,Fiber_Optic,Credit_Card,Yes
45,112.06,5098.79,One-Year,Fiber_Optic,Electronic_Check,No
64,63.41,4063.22,Month-to-Month,Fiber_Optic,Electronic_Check,No
59,64.83,3737.32,One-Year,Fiber_Optic,Electronic_Check,No
64,88.74,5839.95,One-Year,No,Bank_Transfer,No
40,71.5,2842.99,One-Year,DSL,Electronic_Check,No
46,62.09,2924.65,Month-to-Month,No,Credit_Card,Yes
30,46.33,1359.62,Month-to-Month,Fiber_Optic,Electronic_Check,Yes
58,56.8,3230.79,Month-to-Month,Fiber_Optic,Electronic_Check,No
28,28.46,807.03,Month-to-Month,DSL,Mailed_Check,Yes
40,88.16,3526.71,Two-Year,DSL,Bank_Transfer,No
2,38.44,79.4,Month-to-Month,No,Credit_Card,Yes
34,57.72,1899.29,Month-to-Month,DSL,Electronic_Check,No
24,71.19,1789.07,Month-to-Month,Fiber_Optic,Mailed_Check,Yes
60,85.69,4933.77,Two-Year,Fiber_Optic,Mailed_Check,No
52,114.18,5819.51,Month-to-Month,No,Electronic_Check,No
23,81.33,1949.59,Two-Year,Fiber_Optic,Electronic_Check,Yes
61,43.61,2582.38,Month-to-Month,No,Electronic_Check,Yes
21,74.95,1544.62,Two-Year,Fiber_Optic,Credit_Card,No
55,38.27,2171.7,Two-Year,No,Electronic_Check,No
65,37.2,2309.29,One-Year,Fiber_Optic,Electronic_Check,No
24,98.44,2309.5,One-Year,Fiber_Optic,Bank_Transfer,Yes
53,65.48,3545.86,One-Year,DSL,Credit_Card,No
69,107.8,7221.09,Month-to-Month,Fiber_Optic,Mailed_Check,Yes
7,73.36,532.26,One-Year,Fiber_Optic,Mailed_Check,No
45,33.17,1541.31,Month-to-Month,Fiber_Optic,Mailed_Check,Yes
9,33.39,311.2,Two-Year,No,Mailed_Check,No
46,109.62,4913.77,Two-Year,DSL,Bank_Transfer,Yes
18,45.42,822.9,Month-to-Month,Fiber_Optic,Electronic_Check,Yes
21,45.66,921.43,Month-to-Month,Fiber_Optic,Credit_Card,Yes
62,35.06,2163.94,Two-Year,DSL,Credit_Card,No
60,72.07,4503.92,Month-to-Month,No,Credit_Card,Yes
50,87.83,4203.88,Month-to-Month,Fiber_Optic,Mailed_Check,Yes
48,87.4,4186.26,Two-Year,Fiber_Optic,Electronic_Check,No
53,87.27,4616.25,Month-to-Month,DSL,Bank_Transfer,Yes
26,31.91,826.17,One-Year,No,Electronic_Check,No
35,86.71,3121.78,Two-Year,Fiber_Optic,Electronic_Check,No
2,62.96,129.4,Two-Year,Fiber_Optic,Mailed_Check,Yes
28,70.09,1937.35,Two-Year,Fiber_Optic,Credit_Card,No
50,87.18,4218.29,Two-Year,Fiber_Optic,Bank_Transfer,Yes
32,60.31,1888.93,One-Year,Fiber_Optic,Electronic_Check,No
1,58.19,56.82,Two-Year,No,Mailed_Check,Yes
37,83.05,2962.89,Month-to-Month,Fiber_Optic,Electronic_Check,No
14,66.04,936.34,Month-to-Month,No,Electronic_Check,Yes
13,110.5,1484.09,Month-to-Month,Fiber_Optic,Bank_Transfer,Yes
56,60.75,3518.4,Month-to-Month,DSL,Mailed_Check,No
4,100.08,396.43,Two-Year,DSL,Credit_Card,No
18,58.39,1053.46,Month-to-Month,DSL,Electronic_Check,No
71,20.52,1512.96,Month-to-Month,DSL,Credit_Card,No
34,94.25,3343.63,One-Year,DSL,Mailed_Check,Yes
12,30.93,378.0,Two-Year,Fiber_Optic,Electronic_Check,No
2,26.06,53.43,Month-to-Month,DSL,Electronic_Check,Yes
25,39.88,993.28,One-Year,Fiber_Optic,Credit_Card,No
17,68.04,1179.99,One-Year,Fiber_Optic,Electronic_Check,No
55,53.24,2791.23,One-Year,Fiber_Optic,Credit_Card,Yes
23,46.14,1040.61,One-Year,DSL,Bank_Transfer,No
22,46.98,987.96,Two-Year,No,Mailed_Check,No
27,82.46,2257.4,Month-to-Month,Fiber_Optic,Mailed_Check,Yes
43,65.77,2723.77,Month-to-Month,DSL,Bank_Transfer,Yes
53,20.97,1111.06,Two-Year,DSL,Mailed_Check,No
55,69.17,3955.32,Month-to-Month,No,Bank_Transfer,Yes
2,67.31,137.55,One-Year,Fiber_Optic,Bank_Transfer,Yes
5,57.23,275.44,Month-to-Month,Fiber_Optic,Bank_Transfer,Yes
20,84.76,1723.82,Two-Year,DSL,Electronic_Check,Yes
14,40.59,548.37,Two-Year,Fiber_Optic,Electronic_Check,No
65,113.0,7121.19,Month-to-Month,DSL,Mailed_Check,No
49,79.46,3847.37,One-Year,DSL,Credit_Card,No
67,26.94,1801.64,Month-to-Month,Fiber_Optic,Mailed_Check,No
52,61.84,3224.18,One-Year,No,Mailed_Check,No
27,47.97,1270.77,Month-to-Month,Fiber_Optic,Electronic_Check,Yes
47,84.26,4043.51,Month-to-Month,Fiber_Optic,Credit_Card,No
59,39.21,2426.78,Two-Year,DSL,Bank_Transfer,No
57,88.91,5303.39,Two-Year,DSL,Bank_Transfer,No
36,82.63,3103.25,Month-to-Month,No,Electronic_Check,No
27,64.85,1680.43,One-Year,Fiber_Optic,Bank_Transfer,Yes
67,48.64,3361.65,Month-to-Month,Fiber_Optic,Bank_Transfer,No
39,73.31,2751.85,One-Year,No,Credit_Card,No
62,44.37,2751.61,Two-Year,DSL,Credit_Card,No
22,31.06,710.36,Month-to-Month,Fiber_Optic,Credit_Card,Yes
9,35.06,324.9,Month-to-Month,Fiber_Optic,Electronic_Check,Yes
34,84.64,3005.65,One-Year,DSL,Mailed_Check,Yes
31,25.21,787.07,Month-to-Month,Fiber_Optic,Electronic_Check,No
44,107.48,4538.35,Month-to-Month,DSL,Bank_Transfer,Yes
5,36.82,179.3,Month-to-Month,Fiber_Optic,Electronic_Check,No
59,64.01,3945.28,Month-to-Month,Fiber_Optic,Electronic_Check,Yes
2,112.46,216.82,One-Year,Fiber_Optic,Electronic_Check,Yes
33,54.06,1761.73,Month-to-Month,Fiber_Optic,Electronic_Check,No
8,76.1,628.97,Month-to-Month,DSL,Mailed_Check,Yes
66,97.96,6420.25,One-Year,DSL,Electronic_Check,No
22,109.54,2349.26,One-Year,DSL,Electronic_Check,Yes
64,83.2,5152.06,Month-to-Month,Fiber_Optic,Electronic_Check,No
36,49.36,1767.88,Two-Year,Fiber_Optic,Electronic_Check,No
10,80.15,778.5,One-Year,Fiber_Optic,Credit_Card,Yes
5,22.45,116.86,One-Year,Fiber_Optic,Electronic_Check,Yes
35,48.88,1672.1,Month-to-Month,DSL,Electronic_Check,No
38,45.03,1755.91,Month-to-Month,Fiber_Optic,Bank_Transfer,No
40,43.07,1703.27,Month-to-Month,Fiber_Optic,Mailed_Check,No
41,31.91,1263.43,One-Year,No,Bank_Transfer,Yes
55,66.01,3693.76,One-Year,DSL,Mailed_Check,No
18,35.64,672.79,Month-to-Month,Fiber_Optic,Bank_Transfer,No
15,65.78,970.76,One-Year,Fiber_Optic,Credit_Card,No
62,29.03,1848.08,Month-to-Month,DSL,Bank_Transfer,No
63,28.68,1873.65,One-Year,DSL,Mailed_Check,No
52,112.93,5976.25,Month-to-Month,Fiber_Optic,Bank_Transfer,Yes
44,62.33,2733.71,Two-Year,Fiber_Optic,Electronic_Check,No
65,38.52,2518.04,One-Year,Fiber_Optic,Bank_Transfer,No
29,96.57,2722.11,Month-to-Month,DSL,Bank_Transfer,Yes
54,114.18,6397.59,Two-Year,No,Bank_Transfer,No
10,26.96,270.29,One-Year,DSL,Credit_Card,No
13,24.23,317.53,Month-to-Month,DSL,Credit_Card,Yes
64,50.77,3243.3,Two-Year,No,Bank_Transfer,No
71,71.04,5250.81,One-Year,DSL,Bank_Transfer,No
37,80.67,2976.66,Month-to-Month,DSL,Electronic_Check,Yes
64,82.99,5111.93,Two-Year,DSL,Bank_Transfer,No
60,94.55,5587.3,One-Year,DSL,Credit_Card,Yes
39,37.5,1481.31,Month-to-Month,DSL,Credit_Card,No
15,57.69,840.16,Month-to-Month,DSL,Bank_Transfer,Yes
49,58.98,2832.05,Month-to-Month,DSL,Electronic_Check,Yes
45,22.9,1031.73,Month-to-Month,DSL,Mailed_Check,Yes
53,61.85,3284.12,One-Year,DSL,Electronic_Check,No
56,76.56,4496.49,Month-to-Month,Fiber_Optic,Mailed_Check,Yes
44,110.67,4916.68,Two-Year,Fiber_Optic,Mailed_Check,No
25,47.72,1231.58,Two-Year,Fiber_Optic,Bank_Transfer,No
70,69.9,4758.62,Month-to-Month,Fiber_Optic,Bank_Transfer,No
1,48.37,49.36,Month-to-Month,Fiber_Optic,Electronic_Check,Yes
19,88.73,1712.67,One-Year,Fiber_Optic,Mailed_Check,No
9,60.86,552.25,Month-to-Month,Fiber_Optic,Electronic_Check,Yes
46,80.6,3813.6,Month-to-Month,DSL,Credit_Card,No
16,52.15,810.62,One-Year,Fiber_Optic,Credit_Card,No
67,70.01,4577.95,Month-to-Month,DSL,Electronic_Check,Yes
35,37.7,1339.12,Two-Year,Fiber_Optic,Mailed_Check,No
31,86.78,2732.38,Month-to-Month,DSL,Credit_Card,Yes
24,39.89,911.82,One-Year,Fiber_Optic,Bank_Transfer,No
11,96.08,1096.07,Month-to-Month,DSL,Electronic_Check,Yes
50,108.59,5411.01,Month-to-Month,Fiber_Optic,Credit_Card,No
3,73.16,215.12,Month-to-Month,Fiber_Optic,Mailed_Check,Yes
37,101.12,3588.8,Month-to-Month,DSL,Electronic_Check,Yes
1,79.95,80.84,Month-to-Month,Fiber_Optic,Bank_Transfer,Yes
57,62.02,3666.98,Month-to-Month,Fiber_Optic,Mailed_Check,Yes
14,26.27,369.69,One-Year,DSL,Credit_Card,No
69,84.51,5544.08,Month-to-Month,Fiber_Optic,Electronic_Check,No
60,93.83,5824.64,Month-to-Month,Fiber_Optic,Electronic_Check,Yes
65,53.77,3333.54,One-Year,Fiber_Optic,Credit_Card,No
40,29.79,1227.94,One-Year,No,Bank_Transfer,No
10,86.35,877.04,Month-to-Month,DSL,Mailed_Check,No
27,48.62,1338.48,One-Year,DSL,Bank_Transfer,No
8,27.73,212.7,One-Year,No,Electronic_Check,Yes
62,108.02,6939.13,Month-to-Month,Fiber_Optic,Mailed_Check,No
59,52.56,3040.89,One-Year,DSL,Mailed_Check,No
58,105.54,6152.05,Month-to-Month,Fiber_Optic,Electronic_Check,Yes
12,43.04,536.28,Month-to-Month,DSL,Credit_Card,Yes
13,62.92,822.52,Month-to-Month,Fiber_Optic,Electronic_Check,No
69,74.9,5168.92,Month-to-Month,Fiber_Optic,Mailed_Check,Yes
64,66.15,4065.07,Month-to-Month,DSL,Electronic_Check,No
64,44.03,2881.99,Two-Year,DSL,Mailed_Check,No
61,93.76,5837.39,One-Year,No,Electronic_Check,No
40,47.38,1854.1,Month-to-Month,Fiber_Optic,Electronic_Check,Yes
55,95.62,5324.07,Month-to-Month,DSL,Electronic_Check,Yes
30,21.11,639.47,Month-to-Month,DSL,Bank_Transfer,No
39,109.01,4381.44,Month-to-Month,DSL,Bank_Transfer,Yes
70,114.35,8273.41,Month-to-Month,No,Bank_Transfer,Yes
71,28.42,2011.13,Month-to-Month,No,Credit_Card,Yes
16,64.61,984.22,Month-to-Month,No,Bank_Transfer,No
34,97.6,3235.72,Two-Year,DSL,Bank_Transfer,No
46,72.51,3493.11,Month-to-Month,DSL,Credit_Card,Yes
41,58.04,2335.81,Month-to-Month,Fiber_Optic,Electronic_Check,No
9,37.03,338.87,Month-to-Month,Fiber_Optic,Credit_Card,Yes
17,46.83,810.23,Month-to-Month,DSL,Bank_Transfer,Yes
2,80.44,160.51,Month-to-Month,DSL,Credit_Card,Yes
59,74.08,4539.28,Month-to-Month,DSL,Credit_Card,No
30,87.85,2759.55,One-Year,DSL,Mailed_Check,No
27,90.33,2560.71,Month-to-Month,DSL,Electronic_Check,Yes
11,100.21,1152.17,Two-Year,DSL,Bank_Transfer,Yes
4,107.71,413.89,Month-to-Month,Fiber_Optic,Mailed_Check,Yes
31,74.66,2357.28,One-Year,Fiber_Optic,Electronic_Check,Yes
23,102.86,2402.94,Month-to-Month,No,Electronic_Check,Yes
45,48.7,2296.79,Month-to-Month,DSL,Electronic_Check,No
36,113.96,4279.22,Two-Year,DSL,Electronic_Check,Yes
45,88.72,3946.85,Two-Year,No,Bank_Transfer,No
7,71.39,503.14,Month-to-Month,Fiber_Optic,Electronic_Check,Yes
54,104.67,5801.99,Month-to-Month,No,Credit_Card,No
30,76.1,2369.66,Month-to-Month,DSL,Credit_Card,No
28,107.3,3125.72,Two-Year,Fiber_Optic,Electronic_Check,No
17,100.76,1704.14,Two-Year,DSL,Electronic_Check,No
51,70.45,3694.15,Two-Year,Fiber_Optic,Electronic_Check,No
15,110.27,1632.55,Two-Year,DSL,Mailed_Check,No
40,30.42,1172.88,One-Year,DSL,Electronic_Check,No
2,109.66,215.31,Month-to-Month,No,Electronic_Check,Yes
34,26.83,895.86,Month-to-Month,Fiber_Optic,Bank_Transfer,No
62,68.14,4088.02,One-Year,DSL,Electronic_Check,Yes
10,101.27,1001.06,Month-to-Month,DSL,Electronic_Check,Yes
37,35.53,1276.81,Two-Year,No,Mailed_Check,No
24,20.41,469.71,One-Year,DSL,Bank_Transfer,No
29,87.36,2584.19,One-Year,Fiber_Optic,Mailed_Check,No
35,53.83,1950.94,Month-to-Month,Fiber_Optic,Mailed_Check,No
70,33.58,2304.1,Month-to-Month,Fiber_Optic,Bank_Transfer,No
40,59.32,2382.61,Two-Year,Fiber_Optic,Electronic_Check,Yes
27,106.97,2861.5,Two-Year,Fiber_Optic,Credit_Card,No
15,90.6,1372.76,Month-to-Month,No,Electronic_Check,Yes
44,40.78,1865.84,Month-to-Month,Fiber_Optic,Electronic_Check,No
4,33.97,130.8,Month-to-Month,Fiber_Optic,Bank_Transfer,Yes
19,95.6,1756.38,Two-Year,Fiber_Optic,Bank_Transfer,Yes
55,50.44,2815.57,One-Year,Fiber_Optic,Bank_Transfer,No
7,105.34,706.71,Month-to-Month,DSL,Credit_Card,Yes
62,50.49,3090.15,One-Year,No,Electronic_Check,Yes
57,51.34,2857.53,One-Year,DSL,Bank_Transfer,No
19,100.68,1944.42,Two-Year,Fiber_Optic,Electronic_Check,No
35,26.35,959.46,Month-to-Month,Fiber_Optic,Bank_Transfer,Yes
13,25.7,331.87,Two-Year,Fiber_Optic,Electronic_Check,No
69,32.52,2344.94,Month-to-Month,Fiber_Optic,Mailed_Check,No
47,96.46,4619.79,One-Year,Fiber_Optic,Mailed_Check,No
6,79.22,456.28,Month-to-Month,DSL,Bank_Transfer,Yes
42,105.26,4632.77,One-Year,DSL,Mailed_Check,No
44,55.66,2525.48,One-Year,Fiber_Optic,Bank_Transfer,No
24,72.35,1714.1,Two-Year,DSL,Bank_Transfer,No
53,110.27,6096.95,Month-to-Month,DSL,Bank_Transfer,Yes
48,94.38,4487.49,Month-to-Month,Fiber_Optic,Bank_Transfer,No
1,67.85,67.93,Month-to-Month,Fiber_Optic,Mailed_Check,Yes
5,40.41,195.56,Month-to-Month,Fiber_Optic,Bank_Transfer,Yes
8,85.18,696.04,Two-Year,DSL,Electronic_Check,No
54,86.53,4602.44,One-Year,DSL,Credit_Card,Yes
62,86.57,5593.03,Month-to-Month,Fiber_Optic,Credit_Card,No
30,34.77,1064.7,Month-to-Month,No,Mailed_Check,No
69,63.33,4382.98,Two-Year,No,Bank_Transfer,No
40,99.52,3834.06,Two-Year,Fiber_Optic,Electronic_Check,No
25,107.23,2813.45,One-Year,DSL,Bank_Transfer,Yes
61,111.87,7037.25,Month-to-Month,DSL,Credit_Card,Yes
66,60.69,4153.89,Month-to-Month,DSL,Credit_Card,No
71,63.15,4271.89,One-Year,Fiber_Optic,Credit_Card,Yes
69,92.14,6273.34,Month-to-Month,DSL,Credit_Card,Yes
20,73.52,1508.09,One-Year,Fiber_Optic,Mailed_Check,No
28,74.08,2103.39,One-Year,No,Mailed_Check,Yes
18,83.53,1575.28,Two-Year,DSL,Credit_Card,No
40,35.1,1372.73,Two-Year,No,Electronic_Check,No
16,55.83,884.74,Month-to-Month,No,Bank_Transfer,Yes
28,81.46,2356.5,Month-to-Month,No,Credit_Card,Yes
32,78.44,2398.47,Month-to-Month,DSL,Credit_Card,Yes
54,82.68,4611.93,Month-to-Month,Fiber_Optic,Bank_Transfer,Yes
67,52.48,3675.9,Month-to-Month,DSL,Electronic_Check,No
22,31.37,706.14,Two-Year,Fiber_Optic,Electronic_Check,No
32,77.77,2487.23,One-Year,No,Credit_Card,No
43,101.77,4488.86,Month-to-Month,DSL,Electronic_Check,Yes
32,52.19,1595.8,Month-to-Month,DSL,Credit_Card,Yes
59,40.34,2485.25,One-Year,Fiber_Optic,Bank_Transfer,No
14,91.05,1311.22,One-Year,DSL,Electronic_Check,Yes
20,33.56,662.21,Two-Year,DSL,Bank_Transfer,No
25,111.44,2786.84,Month-to-Month,No,Electronic_Check,Yes
12,98.87,1203.3,Month-to-Month,No,Electronic_Check,Yes
48,105.74,5175.96,Month-to-Month,Fiber_Optic,Credit_Card,No
53,67.48,3401.34,Month-to-Month,DSL,Mailed_Check,No
8,48.99,401.56,Month-to-Month,Fiber_Optic,Credit_Card,Yes
11,75.47,790.68,Month-to-Month,Fiber_Optic,Electronic_Check,No
34,37.71,1248.73,Month-to-Month,Fiber_Optic,Bank_Transfer,No
62,20.68,1339.91,One-Year,Fiber_Optic,Bank_Transfer,Yes
44,55.23,2315.69,Month-to-Month,Fiber_Optic,Bank_Transfer,Yes
11,96.26,1046.82,Month-to-Month,Fiber_Optic,Bank_Transfer,Yes
3,40.2,116.48,One-Year,No,Electronic_Check,Yes
18,45.9,828.44,Month-to-Month,Fiber_Optic,Mailed_Check,No
46,85.48,3884.5,Month-to-Month,Fiber_Optic,Mailed_Check,No
27,75.13,1958.68,Two-Year,No,Electronic_Check,No
59,54.32,3191.67,Month-to-Month,Fiber_Optic,Mailed_Check,Yes
33,90.01,2921.1,One-Year,Fiber_Optic,Mailed_Check,Yes
30,37.76,1095.31,Month-to-Month,Fiber_Optic,Credit_Card,Yes
51,104.83,5227.43,Month-to-Month,DSL,Bank_Transfer,No
62,52.04,3375.93,Month-to-Month,Fiber_Optic,Credit_Card,Yes
39,90.86,3466.03,Month-to-Month,Fiber_Optic,Bank_Transfer,No
69,82.82,5860.62,Two-Year,DSL,Electronic_Check,No
41,63.75,2720.47,One-Year,DSL,Credit_Card,No
46,48.2,2311.25,Month-to-Month,Fiber_Optic,Mailed_Check,No
33,66.63,2283.78,Month-to-Month,Fiber_Optic,Electronic_Check,No
22,41.17,861.33,Month-to-Month,DSL,Credit_Card,No
31,97.17,2974.22,Month-to-Month,No,Bank_Transfer,No
35,100.2,3376.98,One-Year,No,Mailed_Check,No
71,108.64,7522.05,One-Year,DSL,Bank_Transfer,No
35,101.45,3616.75,Month-to-Month,DSL,Electronic_Check,Yes
12,108.71,1304.67,One-Year,Fiber_Optic,Mailed_Check,Yes
68,37.52,2514.71,Month-to-Month,DSL,Electronic_Check,No
57,59.59,3323.97,Month-to-Month,Fiber_Optic,Electronic_Check,No
1,47.66,47.87,Two-Year,DSL,Mailed_Check,No
59,25.2,1462.84,One-Year,Fiber_Optic,Electronic_Check,No
48,31.23,1558.32,One-Year,Fiber_Optic,Electronic_Check,No
55,54.84,3009.43,Month-to-Month,Fiber_Optic,Electronic_Check,No
22,78.5,1760.7,Month-to-Month,Fiber_Optic,Electronic_Check,Yes
61,82.37,5137.18,One-Year,No,Bank_Transfer,No
20,80.9,1661.2,Month-to-Month,Fiber_Optic,Electronic_Check,Yes
34,110.45,3778.55,Month-to-Month,No,Credit_Card,No
24,70.6,1736.18,Two-Year,DSL,Mailed_Check,Yes
57,75.11,4428.47,Month-to-Month,Fiber_Optic,Electronic_Check,No
68,34.83,2356.82,Two-Year,Fiber_Optic,Electronic_Check,No
16,78.41,1263.43,One-Year,DSL,Bank_Transfer,Yes
4,48.59,191.9,Month-to-Month,No,Credit_Card,Yes
27,72.75,1887.25,One-Year,Fiber_Optic,Electronic_Check,No
27,75.18,2052.98,Month-to-Month,DSL,Bank_Transfer,Yes
16,59.87,957.54,One-Year,Fiber_Optic,Credit_Card,Yes
62,96.47,5704.44,Two-Year,Fiber_Optic,Bank_Transfer,Yes
35,24.31,856.04,Month-to-Month,Fiber_Optic,Electronic_Check,No
37,52.67,2008.85,One-Year,Fiber_Optic,Electronic_Check,No
16,31.62,481.92,Month-to-Month,DSL,Bank_Transfer,Yes
41,62.56,2625.34,Month-to-Month,Fiber_Optic,Mailed_Check,No
19,101.21,1949.96,One-Year,Fiber_Optic,Credit_Card,Yes
56,28.45,1595.13,Two-Year,DSL,Electronic_Check,No
43,39.02,1709.81,Month-to-Month,DSL,Credit_Card,Yes
27,77.06,2077.47,Month-to-Month,Fiber_Optic,Electronic_Check,No
51,25.08,1273.1,Month-to-Month,No,Credit_Card,No
41,77.59,3253.79,Month-to-Month,DSL,Credit_Card,Yes
61,32.95,1925.62,One-Year,Fiber_Optic,Mailed_Check,No
11,62.59,660.54,One-Year,DSL,Mailed_Check,Yes
71,66.74,4918.12,One-Year,DSL,Electronic_Check,No
25,54.41,1389.16,One-Year,No,Bank_Transfer,No
51,64.58,3278.45,Month-to-Month,Fiber_Optic,Electronic_Check,No
47,40.81,1838.68,Month-to-Month,DSL,Electronic_Check,Yes
26,47.07,1270.32,Month-to-Month,DSL,Bank_Transfer,Yes
34,52.88,1864.29,Month-to-Month,Fiber_Optic,Electronic_Check,Yes
37,105.33,3757.58,Two-Year,Fiber_Optic,Electronic_Check,Yes
32,57.5,1784.76,Month-to-Month,No,Mailed_Check,No
